user_id,event_id,rating
1,1,4
1,3,4
1,6,4
1,47,5
1,50,5
1,70,3
1,101,5
1,110,4
1,151,5
1,157,5
1,163,5
1,216,5
1,223,3
1,231,5
1,235,4
1,260,5
1,296,3
1,316,3
1,333,5
1,349,4
1,356,4
1,362,5
1,367,4
1,423,3
1,441,4
1,457,5
1,480,4
1,500,3
2,260,4
2,296,5
2,316,3
2,333,3
2,349,5
2,356,4
2,362,4
2,367,5
2,423,4
2,441,3
2,544,4
3,31,0.5
3,527,0.5
3,647,0.5
3,688,0.5
3,720,0.5
4,21,3
4,32,2
4,45,3
4,47,2
4,52,3
4,58,3
4,106,4
4,125,5
4,126,1
4,162,5
4,171,3
4,176,5
4,190,2
4,215,5
4,222,1
4,232,5
4,235,2
4,247,3
4,260,5
4,265,5
4,296,1
4,319,5
4,342,5
4,345,4
4,348,4
4,351,3
5,1,4
5,21,4
5,34,4
5,36,4
5,39,3
5,50,4
5,58,5
5,110,4
5,150,3
5,153,3
5,232,4
5,247,5
5,253,3
5,261,4
5,265,3
5,266,1
5,290,5
5,296,5
5,300,3
5,316,2
5,318,3
6,2,4
6,3,5
6,4,3
6,5,5
6,6,4
6,7,4
6,8,3
6,10,3
6,11,4
6,13,3
6,15,4
6,16,4
6,17,4
6,19,2
6,21,2
6,22,5
6,24,4
6,25,3
6,26,4
6,27,3
7,1,4.5
7,50,4.5
7,58,3
7,150,4.5
7,165,4
7,260,5
7,356,5
7,380,3
7,466,5
7,480,5
7,587,2
7,588,3
7,589,2.5
7,592,3
7,593,5
7,595,3.5
7,648,4
8,2,4
8,10,2
8,11,4
8,21,4
8,32,3
8,34,5
8,39,3
8,47,4
8,50,5
8,110,3
8,141,3
8,150,4
8,153,2
8,185,5
8,186,4
8,208,3
8,231,4
8,235,3
8,236,3
8,252,3
8,253,5
8,282,3
8,292,3
8,296,4
8,317,3
8,318,5
8,339,3
8,356,3
8,357,5
8,364,5
9,41,3
9,187,3
9,223,4
9,371,3
9,627,3
10,208,3
10,231,5
10,235,3
10,236,3
10,252,4
10,253,3
10,282,5
10,292,3
10,296,3
10,317,5
10,318,5
11,339,3
11,356,4
11,6,2
11,10,3
11,36,5
11,44,5
11,95,3
11,110,3
11,150,4
11,153,3
11,165,4
11,170,4
11,208,5
11,292,5
11,318,3
11,349,2
11,356,3
11,368,4
11,376,3
11,377,5
11,380,3
11,434,4
11,457,4
11,466,3
11,474,4
11,480,5
11,493,4
11,511,5
11,529,4
11,589,3
12,39,4
12,168,5
12,222,5
12,256,5
12,261,4.5
12,277,3
12,357,3.5
12,543,3.5
12,46,2
13,213,4
14,637,3
15,162,5
16,225,1
17,293,2
18,7,1
19,541,1
20,399,3
21,132,4
22,30,3
23,51,2
24,45,5
25,129,1
26,582,3
27,546,3
28,144,5
29,610,1
30,325,1
31,354,2
32,181,1
33,108,3
34,359,1
35,652,1
36,190,2
37,480,2
38,551,3
39,68,5
40,374,3
41,677,3
42,581,5
43,174,5
44,183,1
45,485,4
46,546,4
47,23,5
48,477,1
49,554,1
50,179,1
51,708,3
52,273,5
53,157,2
54,63,5
55,687,1
56,397,4
57,631,2
58,48,5
59,579,1
60,349,3
61,650,3
62,622,4
63,472,2
64,383,2
65,337,2
66,103,4
67,547,5
68,720,4
69,261,4
70,226,4
71,443,1
72,469,3
73,220,1
74,253,5
75,17,2
76,193,2
77,573,5
78,687,1
79,688,5
80,687,4
81,353,3
82,476,2
83,14,4
84,164,5
85,634,2
86,460,4
87,689,2
88,619,2
89,537,1
90,652,4
91,705,4
92,438,3
93,23,2
94,116,4
95,35,5
96,691,3
97,151,1
98,354,2
99,311,5
100,319,1
101,300,1
102,526,4
103,58,1
104,419,1
105,311,5
106,346,4
107,9,1
108,360,5
109,356,2
110,477,3
111,663,1
112,398,2
113,294,2
114,619,4
115,286,5
116,712,2
117,231,1
118,51,5
119,76,3
120,681,5
121,531,1
122,627,2
123,291,5
124,709,1
125,443,5
126,217,3
127,702,4
128,530,1
129,649,2
130,332,1
131,558,3
132,30,3
133,334,3
134,267,3
135,630,2
136,455,1
137,445,1
138,409,5
139,624,5
140,320,4
141,101,5
142,598,1
143,27,5
144,29,3
145,427,2
146,524,4
147,667,3
148,134,2
149,685,3
150,672,5
151,491,5
152,721,3
153,275,1
154,216,2
155,395,4
156,463,1
157,267,3
158,201,4
159,648,2
160,715,1
161,110,2
162,453,2
163,428,3
164,291,1
165,573,3
166,204,2
167,449,5
168,22,3
169,287,4
170,60,1
171,24,4
172,58,2
173,471,1
174,60,4
175,166,4
176,428,4
177,297,1
178,666,2
179,274,3
180,220,4
181,161,1
182,102,2
183,264,5
184,658,2
185,576,1
186,64,3
187,397,1
188,623,2
189,175,3
190,505,3
191,83,3
192,290,4
193,413,1
194,268,2
195,566,1
196,509,4
197,536,4
198,404,3
199,125,1
200,115,2
201,620,5
202,226,5
203,200,4
204,640,3
205,477,2
206,535,1
207,602,1
208,306,1
209,9,1
210,511,2
211,2,1
212,62,5
213,94,3
214,457,2
215,364,2
216,499,4
217,263,1
218,303,3
219,590,5
220,301,2
221,238,4
222,622,2
223,350,1
224,93,5
225,494,2
226,314,4
227,55,1
228,357,5
229,579,3
230,703,5
231,507,4
232,247,5
233,188,2
234,372,2
235,544,1
236,609,4
237,17,5
238,195,5
239,361,3
240,189,3
241,228,5
242,287,2
243,242,4
244,625,3
245,442,1
246,531,4
247,698,4
248,608,2
249,373,5
250,617,3
251,534,1
252,478,5
253,707,4
254,49,1
255,541,2
256,481,4
257,193,4
258,246,3
259,461,2
260,536,1
261,660,1
262,677,5
263,681,5
264,140,5
265,61,2
266,204,1
267,609,2
268,323,3
269,121,1
270,6,2
271,375,2
272,37,3
273,353,3
274,585,5
275,576,2
276,437,3
277,52,2
278,725,3
279,311,2
280,211,2
281,682,2
282,39,4
283,538,3
284,250,3
285,12,2
286,320,3
287,61,3
288,498,4
289,714,4
290,660,2
291,246,5
292,184,2
293,145,2
294,553,2
295,721,3
296,372,3
297,324,3
298,136,5
299,458,3
300,600,5
301,37,4
302,594,5
303,279,4
304,197,5
305,363,3
306,595,5
307,409,5
308,548,2
309,431,5
310,548,2
311,703,2
312,201,1
313,158,5
314,354,2
315,305,5
316,225,4
317,156,4
318,230,3
319,476,1
320,116,3
321,276,4
322,67,1
323,587,3
324,176,2
325,591,2
326,358,1
327,453,1
328,225,5
329,92,5
330,495,3
331,425,3
332,621,4
333,527,1
334,622,5
335,647,1
336,678,4
337,546,5
338,563,4
339,288,4
340,72,4
341,276,4
342,22,4
343,562,2
344,256,3
345,206,4
346,209,2
347,165,4
348,573,1
349,418,2
350,538,5
351,205,4
352,536,4
353,592,1
354,63,3
355,604,3
356,500,5
357,381,4
358,82,5
359,322,5
360,245,4
361,642,2
362,41,4
363,45,3
364,253,4
365,41,4
366,604,2
367,404,2
368,439,4
369,486,3
370,605,4
371,409,4
372,93,5
373,523,5
374,98,3
375,291,3
376,6,5
377,594,1
378,201,1
379,565,1
380,219,4
381,269,4
382,625,1
383,648,4
384,261,4
385,375,3
386,163,5
387,15,3
388,183,2
389,70,2
390,354,2
391,533,1
392,275,4
393,292,5
394,428,1
395,8,2
396,504,2
397,225,4
398,684,5
399,584,5
400,319,1
401,220,3
402,214,2
403,709,1
404,372,3
405,352,5
406,148,3
407,378,4
408,472,3
409,96,2
410,172,3
411,146,2
412,609,4
413,688,1
414,613,3
415,431,3
416,570,1
417,90,5
418,415,1
419,192,2
420,60,2
421,642,5
422,20,3
423,506,3
424,323,5
425,606,5
426,24,4
427,629,3
428,457,2
429,384,1
430,712,2
431,171,3
432,450,1
433,319,3
434,713,5
435,47,3
436,5,4
437,55,4
438,726,5
439,592,4
440,598,4
441,640,5
442,166,2
443,514,3
444,224,5
445,131,1
446,47,5
447,592,5
448,327,4
449,74,4
450,589,3
451,145,2
452,724,5
453,566,3
454,377,5
455,504,4
456,678,5
457,428,1
458,269,4
459,28,2
460,493,3
461,182,4
462,171,5
463,458,4
464,19,3
465,370,1
466,158,4
467,297,4
468,667,4
469,434,2
470,126,1
471,338,1
472,228,1
473,670,4
474,13,5
475,410,5
476,381,4
477,167,1
478,403,2
479,282,1
480,696,1
481,227,4
482,322,2
483,625,3
484,72,2
485,37,2
486,284,4
487,328,2
488,404,5
489,660,1
490,628,5
491,538,3
492,151,4
493,98,3
494,574,1
495,289,4
496,108,4
497,322,4
498,474,2
499,486,1
500,80,2
501,201,3
502,707,1
503,383,2
504,167,4
505,719,5
506,651,3
507,167,3
508,24,5
509,309,5
510,163,2
511,273,3
512,475,2
513,724,3
514,397,4
515,649,1
516,389,4
517,594,5
518,121,1
519,274,5
520,41,3
521,684,2
522,691,2
523,649,1
524,222,1
525,694,2
526,552,4
527,359,5
528,288,4
529,406,3
530,348,2
530,176,4
530,563,5
530,473,5
530,309,4
530,455,3
530,670,2
530,67,1
530,328,1
530,233,4
530,463,1
530,250,1
531,23,3
531,556,1
531,667,3
531,308,4
531,259,4
531,58,3
531,451,2
531,393,5
531,369,4
531,24,5
531,313,5
531,493,1
531,436,2
531,723,4
531,97,1
531,383,5
531,182,4
531,136,5
531,184,2
531,516,3
531,267,2
531,92,5
532,720,3
532,544,4
532,490,3
532,689,4
532,432,5
532,363,2
532,527,1
532,519,3
532,331,5
532,184,1
532,329,5
532,676,5
532,641,5
532,255,4
532,389,5
532,204,3
532,136,4
532,581,3
532,563,1
532,189,5
532,141,1
532,69,3
532,586,3
532,703,2
532,309,3
532,560,1
532,83,1
532,122,2
532,611,1
532,432,5
532,611,3
532,683,1
532,9,3
532,470,5
532,569,3
532,613,1
532,136,4
532,490,4
532,9,5
532,94,1
532,537,4
532,718,1
532,639,1
532,322,3
532,640,4
532,296,4
532,690,4
532,360,1
532,213,1
532,24,5
533,224,1
533,91,5
533,205,5
533,383,4
533,640,2
533,178,5
533,425,1
533,261,3
533,262,4
533,339,4
533,284,2
533,130,3
533,537,4
533,416,4
533,19,4
533,509,1
533,408,4
533,105,2
533,134,3
533,247,5
533,483,5
533,642,3
533,614,1
533,98,1
533,237,1
533,158,3
533,82,5
533,56,4
533,153,3
533,476,3
533,206,5
533,286,4
533,47,5
533,401,5
533,141,1
533,429,1
533,516,1
533,271,3
534,393,4
534,277,5
534,151,3
534,380,2
534,144,1
534,187,3
534,510,1
534,234,1
534,643,3
534,686,5
534,113,1
534,576,2
534,182,2
534,708,2
534,441,5
534,143,4
534,418,2
534,13,3
534,432,1
534,115,4
534,44,3
534,645,4
534,565,2
534,50,3
534,203,1
534,582,3
534,593,5
534,557,4
534,292,2
534,27,1
534,428,4
534,45,2
534,407,3
534,168,2
534,674,3
534,660,1
534,184,4
534,702,2
534,519,3
534,19,3
534,596,2
534,226,2
534,155,1
534,319,4
534,540,2
534,92,2
534,331,1
534,407,4
534,718,1
534,370,5
534,256,2
534,289,4
534,568,3
534,591,2
534,584,1
534,648,5
534,501,3
534,68,1
534,181,4
534,238,5
534,59,2
534,101,2
534,325,1
534,676,2
534,696,4
534,649,4
534,70,5
534,480,4
534,547,3
534,88,1
534,498,5
534,373,2
534,570,3
534,492,2
534,171,3
534,172,4
534,651,2
534,26,2
534,445,5
534,387,1
534,238,3
534,224,2
534,427,1
534,719,4
534,295,5
534,546,2
534,499,4
534,502,3
534,340,3
534,12,4
534,136,5
534,228,5
534,681,4
534,641,4
534,268,3
534,635,5
534,130,1
534,662,4
534,103,4
534,81,2
534,263,3
534,565,3
534,461,3
534,548,2
534,405,1
534,189,2
534,104,4
534,473,2
534,100,3
534,408,3
534,359,3
534,110,2
534,339,5
534,215,3
534,123,3
534,611,3
534,457,1
534,147,3
534,314,3
534,165,2
534,54,2
534,503,4
534,655,3
534,381,5
534,587,3
534,512,5
534,626,5
534,250,4
534,147,4
534,548,4
534,601,5
534,644,5
534,725,2
534,385,5
534,472,1
534,367,2
534,601,1
534,464,5
534,151,5
534,656,2
534,556,4
534,12,4
534,529,2
534,385,5
534,469,5
534,22,1
534,517,2
534,201,2
534,178,5
534,537,5
534,509,3
534,256,2
534,138,1
534,354,5
534,647,2
534,476,2
534,616,2
534,503,1
534,142,2
534,448,4
534,294,3
534,283,3
534,671,3
534,147,1
534,25,1
534,252,2
534,408,4
534,401,1
534,388,1
534,255,2
534,461,3
534,438,1
534,536,3
534,393,2
534,99,4
534,142,1
534,444,5
534,123,1
534,336,5
534,658,2
534,702,5
534,525,3
534,465,3
534,136,3
534,659,1
534,305,5
534,257,4
534,644,5
534,82,5
534,661,5
534,184,4
534,241,4
534,430,3
534,469,2
534,59,1
534,521,1
534,132,4
534,402,5
534,7,2
534,74,3
534,680,3
534,144,3
534,560,2
534,149,1
534,556,4
534,91,3
534,684,4
534,652,1
534,183,5
534,206,2
534,103,2
534,360,2
534,302,3
534,518,4
534,385,3
534,61,2
534,287,5
534,4,3
534,152,5
534,449,3
534,552,2
534,520,4
534,605,4
534,520,3
534,664,1
534,526,4
534,440,2
534,515,1
534,141,2
534,190,3
534,55,1
534,548,4
534,643,4
534,399,5
534,593,4
534,443,5
534,24,5
534,505,1
534,171,4
534,224,5
534,461,2
534,665,3
534,540,4
534,386,4
534,421,2
534,395,2
534,47,5
534,666,4
534,55,3
534,567,2
534,676,2
534,712,2
534,224,3
534,535,4
534,659,2
534,722,2
534,490,1
534,532,3
534,475,2
534,542,1
534,8,3
534,471,3
534,22,3
534,117,2
534,184,4
534,138,3
534,75,3
534,312,1
534,221,1
534,243,5
534,370,4
534,212,4
534,688,5
534,503,4
534,140,4
534,10,3
534,565,2
534,266,3
534,231,2
534,711,5
534,539,1
534,627,4
534,459,1
534,279,4
534,725,5
534,50,3
534,258,2
534,456,3
534,85,2
534,561,5
534,620,5
534,628,1
534,314,1
534,531,1
534,22,5
534,538,1
534,357,5
534,242,4
534,618,5
534,37,2
534,452,1
534,7,2
534,209,5
534,79,3
534,104,2
534,703,3
534,118,2
534,169,1
534,213,3
534,96,2
534,82,5
534,379,1
534,165,1
534,358,5
534,439,2
534,383,2
534,282,5
534,104,1
534,450,1
534,647,1
534,378,1
534,503,1
534,176,2
534,196,5
534,232,1
534,401,4
534,203,1
534,173,2
534,525,1
534,674,2
534,549,4
534,288,5
534,287,2
534,359,5
534,658,4
534,427,5
534,98,3
534,124,2
534,415,5
534,143,5
534,71,4
534,653,5
534,36,1
534,584,2
534,665,3
534,19,3
534,133,1
534,206,3
534,18,3
534,263,2
534,230,3
534,255,2
534,214,2
534,644,4
534,7,2
534,319,4
534,267,4
534,55,5
534,241,2
534,598,3
534,1,4
534,3,4
534,6,4
534,47,5
534,50,5
534,70,3
534,101,5
534,110,4
534,151,5
534,157,5
534,163,5
534,216,5
534,223,3
534,231,5
534,235,4
534,260,5
534,296,3
534,316,3
534,333,5
534,349,4
534,356,4
534,362,5
534,367,4
534,423,3
534,441,4
534,457,5
534,480,4
534,500,3
534,260,4
534,296,5
534,316,3
534,333,3
534,349,5
534,356,4
534,362,4
534,367,5
534,423,4
534,441,3
534,544,4
534,31,0.5
534,527,0.5
534,647,0.5
534,688,0.5
534,720,0.5
534,21,3
534,32,2
534,45,3
534,47,2
534,52,3
534,58,3
534,106,4
534,125,5
534,126,1
534,162,5
534,171,3
534,176,5
534,190,2
534,215,5
534,222,1
534,232,5
534,235,2
534,247,3
534,260,5
534,265,5
534,296,1
534,319,5
534,342,5
534,345,4
534,348,4
534,351,3
534,1,4
534,21,4
534,34,4
534,36,4
534,39,3
534,50,4
534,58,5
534,110,4
534,150,3
534,153,3
534,232,4
534,247,5
534,253,3
534,261,4
534,265,3
534,266,1
534,290,5
534,296,5
534,300,3
534,316,2
534,318,3
534,2,4
534,3,5
534,4,3
534,5,5
534,6,4
534,7,4
534,8,3
534,10,3
534,11,4
534,13,3
534,15,4
534,16,4
534,17,4
534,19,2
534,21,2
534,22,5
534,24,4
534,25,3
534,26,4
534,27,3
534,1,4.5
534,50,4.5
534,58,3
534,150,4.5
534,165,4
534,260,5
534,356,5
534,380,3
534,466,5
534,480,5
534,587,2
534,588,3
534,589,2.5
534,592,3
534,593,5
534,595,3.5
534,648,4
534,2,4
534,10,2
534,11,4
534,21,4
534,32,3
534,34,5
534,39,3
534,47,4
534,50,5
534,110,3
534,141,3
534,150,4
534,153,2
534,185,5
534,186,4
534,208,3
534,231,4
534,235,3
534,236,3
534,252,3
534,253,5
534,282,3
534,292,3
534,296,4
534,317,3
534,318,5
534,339,3
534,356,3
534,357,5
534,364,5
534,41,3
534,187,3
535,223,4
535,371,3
535,627,3
535,208,3
535,231,5
535,235,3
535,236,3
535,252,4
535,253,3
535,282,5
535,292,3
535,296,3
535,317,5
535,318,5
535,339,3
535,356,4
535,6,2
535,10,3
535,36,5
535,44,5
535,95,3
535,110,3
535,150,4
535,153,3
535,165,4
535,170,4
535,208,5
535,292,5
535,318,3
535,349,2
536,356,3
536,368,4
536,376,3
536,377,5
536,380,3
536,434,4
536,457,4
536,466,3
536,474,4
536,480,5
536,493,4
536,511,5
536,529,4
536,589,3
536,39,4
536,168,5
536,222,5
536,256,5
536,261,4.5
536,277,3
536,357,3.5
536,543,3.5
536,46,2
536,213,4
536,637,3
536,162,5
536,225,1
536,293,2
536,7,1
536,541,1
536,399,3
536,132,4
536,30,3
536,51,2
536,45,5
536,129,1
536,582,3
536,546,3
536,144,5
536,610,1
537,325,1
537,354,2
537,181,1
537,108,3
537,359,1
537,652,1
537,190,2
537,480,2
537,551,3
537,68,5
537,374,3
537,677,3
537,581,5
537,174,5
537,183,1
537,485,4
537,546,4
537,23,5
537,477,1
537,554,1
537,179,1
537,708,3
537,273,5
537,157,2
537,63,5
537,687,1
537,397,4
537,631,2
537,48,5
537,579,1
537,349,3
537,650,3
537,622,4
537,472,2
537,383,2
537,337,2
537,103,4
537,547,5
537,720,4
537,261,4
537,226,4
537,443,1
537,469,3
537,220,1
537,253,5
537,17,2
537,193,2
538,573,5
538,687,1
538,688,5
538,687,4
538,353,3
538,476,2
538,14,4
538,164,5
538,634,2
538,460,4
538,689,2
538,619,2
538,537,1
538,652,4
538,705,4
538,438,3
538,23,2
538,116,4
538,35,5
538,691,3
538,151,1
538,354,2
538,311,5
538,319,1
538,300,1
538,526,4
538,58,1
538,419,1
538,311,5
538,346,4
538,9,1
538,360,5
538,356,2
538,477,3
538,663,1
538,398,2
538,294,2
539,619,4
539,286,5
539,712,2
539,231,1
539,51,5
539,76,3
539,681,5
539,531,1
539,627,2
539,291,5
539,709,1
539,443,5
539,217,3
539,702,4
539,530,1
539,649,2
539,332,1
539,558,3
539,30,3
539,334,3
539,267,3
539,630,2
539,455,1
539,445,1
539,409,5
539,624,5
539,320,4
539,101,5
539,598,1
539,27,5
539,29,3
539,427,2
539,524,4
539,667,3
539,134,2
539,685,3
539,672,5
539,491,5
540,721,3
540,275,1
540,216,2
540,395,4
540,463,1
540,267,3
540,201,4
540,648,2
540,715,1
540,110,2
540,453,2
540,428,3
540,291,1
540,573,3
540,204,2
540,449,5
540,22,3
540,287,4
540,60,1
540,24,4
540,58,2
540,471,1
540,60,4
540,166,4
540,428,4
540,297,1
540,666,2
540,274,3
540,220,4
540,161,1
540,102,2
540,264,5
540,658,2
540,576,1
540,64,3
540,397,1
540,623,2
540,175,3
540,505,3
540,83,3
540,290,4
540,413,1
541,268,2
541,566,1
541,509,4
541,536,4
541,404,3
541,125,1
541,115,2
541,620,5
541,226,5
541,200,4
541,640,3
541,477,2
541,535,1
541,602,1
541,306,1
541,9,1
541,511,2
541,2,1
541,62,5
541,94,3
541,457,2
541,364,2
541,499,4
541,263,1
541,303,3
541,590,5
541,301,2
541,238,4
541,622,2
541,350,1
541,93,5
541,494,2
541,314,4
541,55,1
541,357,5
541,579,3
541,703,5
541,507,4
541,247,5
541,188,2
541,372,2
541,544,1
541,609,4
541,17,5
541,195,5
541,361,3
541,189,3
541,228,5
541,287,2
541,242,4
541,625,3
541,442,1
541,531,4
541,698,4
541,608,2
541,373,5
541,617,3
541,534,1
541,478,5
541,707,4
541,49,1
541,541,2
541,481,4
541,193,4
541,246,3
541,461,2
541,536,1
541,660,1
541,677,5
541,681,5
541,140,5
541,61,2
541,204,1
541,609,2
541,323,3
541,121,1
541,6,2
541,375,2
541,37,3
541,353,3
541,585,5
541,576,2
541,437,3
541,52,2
541,725,3
541,311,2
541,211,2
542,682,2
542,39,4
542,538,3
542,250,3
542,12,2
542,320,3
542,61,3
542,498,4
542,714,4
542,660,2
542,246,5
542,184,2
542,145,2
542,553,2
542,721,3
542,372,3
542,324,3
542,136,5
542,458,3
542,600,5
542,37,4
542,594,5
542,279,4
542,197,5
542,363,3
542,595,5
542,409,5
542,548,2
542,431,5
542,548,2
542,703,2
542,201,1
542,158,5
542,354,2
542,305,5
542,225,4
542,156,4
542,230,3
542,476,1
542,116,3
542,276,4
542,67,1
542,587,3
542,176,2
542,591,2
542,358,1
542,453,1
542,225,5
542,92,5
542,495,3
542,425,3
542,621,4
542,527,1
542,622,5
542,647,1
542,678,4
542,546,5
542,563,4
542,288,4
542,72,4
542,276,4
542,22,4
542,562,2
542,256,3
542,206,4
542,209,2
542,165,4
542,573,1
542,418,2
542,538,5
542,205,4
542,536,4
542,592,1
542,63,3
542,604,3
542,500,5
542,381,4
542,82,5
542,322,5
542,245,4
542,642,2
542,41,4
542,45,3
542,253,4
542,41,4
542,604,2
542,404,2
542,439,4
542,486,3
542,605,4
542,409,4
542,93,5
542,523,5
542,98,3
542,291,3
542,6,5
542,594,1
542,201,1
542,565,1
542,219,4
542,269,4
542,625,1
542,648,4
542,261,4
542,375,3
542,163,5
542,15,3
542,183,2
542,70,2
542,354,2
542,533,1
542,275,4
542,292,5
543,428,1
543,8,2
543,504,2
543,225,4
543,684,5
543,584,5
543,319,1
543,220,3
543,214,2
543,709,1
543,372,3
543,352,5
543,148,3
543,378,4
543,472,3
543,96,2
543,172,3
543,146,2
543,609,4
543,688,1
543,613,3
543,431,3
543,570,1
543,90,5
543,415,1
543,192,2
543,60,2
543,642,5
543,20,3
543,506,3
543,323,5
543,606,5
543,24,4
543,629,3
543,457,2
543,384,1
543,712,2
543,171,3
543,450,1
543,319,3
543,713,5
543,47,3
543,5,4
543,55,4
543,726,5
543,592,4
543,598,4
543,640,5
543,166,2
543,514,3
543,224,5
543,131,1
543,47,5
543,592,5
543,327,4
543,74,4
543,589,3
543,145,2
543,724,5
543,566,3
543,377,5
543,504,4
543,678,5
543,428,1
543,269,4
543,28,2
543,493,3
543,182,4
543,171,5
543,458,4
543,19,3
543,370,1
543,158,4
543,297,4
543,667,4
543,434,2
544,126,1
544,338,1
544,228,1
544,670,4
544,13,5
544,410,5
544,381,4
544,167,1
544,403,2
544,282,1
544,696,1
544,227,4
544,322,2
544,625,3
544,72,2
544,37,2
544,284,4
544,328,2
544,404,5
544,660,1
544,628,5
544,538,3
545,151,4
545,98,3
545,574,1
545,289,4
545,108,4
545,322,4
545,474,2
545,486,1
545,80,2
545,201,3
545,707,1
545,383,2
545,167,4
545,719,5
545,651,3
545,167,3
545,24,5
545,309,5
545,163,2
545,273,3
545,475,2
545,724,3
545,397,4
546,649,1
546,389,4
546,594,5
546,121,1
546,274,5
546,41,3
546,684,2
546,691,2
546,649,1
546,222,1
546,694,2
546,552,4
546,359,5
546,288,4
546,406,3
546,348,2
546,176,4
546,563,5
546,473,5
546,309,4
546,455,3
546,670,2
546,67,1
546,328,1
546,233,4
546,463,1
546,250,1
546,23,3
546,556,1
546,667,3
546,308,4
546,259,4
546,58,3
546,451,2
546,393,5
546,369,4
546,24,5
546,313,5
546,493,1
546,436,2
546,723,4
546,97,1
546,383,5
546,182,4
546,136,5
546,184,2
546,516,3
546,267,2
546,92,5
546,720,3
546,544,4
546,490,3
546,689,4
546,432,5
546,363,2
546,527,1
546,519,3
546,331,5
546,184,1
546,329,5
546,676,5
546,641,5
546,255,4
546,389,5
547,204,3
547,136,4
547,581,3
547,563,1
547,189,5
547,141,1
547,69,3
547,586,3
547,703,2
547,309,3
547,560,1
547,83,1
547,122,2
547,611,1
547,432,5
547,611,3
547,683,1
547,9,3
547,470,5
547,569,3
547,613,1
548,136,4
548,490,4
548,9,5
548,94,1
548,537,4
548,718,1
548,639,1
548,322,3
548,640,4
548,296,4
548,690,4
548,360,1
548,213,1
548,24,5
548,224,1
548,91,5
548,205,5
548,383,4
548,640,2
548,178,5
548,425,1
548,261,3
548,262,4
548,339,4
548,284,2
548,130,3
549,537,4
549,416,4
549,19,4
549,509,1
549,408,4
549,105,2
549,134,3
549,247,5
549,483,5
549,642,3
549,614,1
549,98,1
549,237,1
549,158,3
549,82,5
549,56,4
549,153,3
549,476,3
549,206,5
549,286,4
549,47,5
550,401,5
550,141,1
550,429,1
550,516,1
550,271,3
550,393,4
550,277,5
550,151,3
550,380,2
550,144,1
550,187,3
550,510,1
550,234,1
550,643,3
550,686,5
550,113,1
550,576,2
550,182,2
550,708,2
550,441,5
550,143,4
550,418,2
550,13,3
550,432,1
550,115,4
550,44,3
550,645,4
550,565,2
551,50,3
551,203,1
551,582,3
551,593,5
551,557,4
551,292,2
551,27,1
551,428,4
551,45,2
551,407,3
551,168,2
551,674,3
551,660,1
551,184,4
551,702,2
551,519,3
551,19,3
551,596,2
551,226,2
551,155,1
551,319,4
551,540,2
551,92,2
551,331,1
551,407,4
551,718,1
551,370,5
551,256,2
551,289,4
551,568,3
551,591,2
551,584,1
551,648,5
551,501,3
551,68,1
551,181,4
551,238,5
551,59,2
551,101,2
551,325,1
551,676,2
551,696,4
551,649,4
551,70,5
551,480,4
551,547,3
551,88,1
551,498,5
551,373,2
551,570,3
551,492,2
551,171,3
551,172,4
551,651,2
551,26,2
551,445,5
551,387,1
551,238,3
551,224,2
551,427,1
551,719,4
551,295,5
551,546,2
551,499,4
551,502,3
551,340,3
551,12,4
551,136,5
551,228,5
551,681,4
551,641,4
551,268,3
551,635,5
551,130,1
551,662,4
551,103,4
551,81,2
551,263,3
551,565,3
551,461,3
551,548,2
551,405,1
551,189,2
551,104,4
551,473,2
551,100,3
551,408,3
551,359,3
551,110,2
551,339,5
551,215,3
551,123,3
551,611,3
551,457,1
551,147,3
551,314,3
551,165,2
551,54,2
551,503,4
551,655,3
551,381,5
551,587,3
551,512,5
551,626,5
551,250,4
551,147,4
551,548,4
551,601,5
551,644,5
551,725,2
551,385,5
551,472,1
551,367,2
551,601,1
551,464,5
551,151,5
551,656,2
551,556,4
551,12,4
551,529,2
551,385,5
551,469,5
551,22,1
552,517,2
552,201,2
552,178,5
552,537,5
552,509,3
552,256,2
552,138,1
552,354,5
552,647,2
552,476,2
552,616,2
552,503,1
552,142,2
552,448,4
552,294,3
552,283,3
552,671,3
552,147,1
552,25,1
552,252,2
552,408,4
552,401,1
552,388,1
552,255,2
552,461,3
552,438,1
552,536,3
552,393,2
552,99,4
552,142,1
552,444,5
552,123,1
552,336,5
552,658,2
552,702,5
552,525,3
552,465,3
552,136,3
552,659,1
552,305,5
552,257,4
552,644,5
552,82,5
552,661,5
552,184,4
552,241,4
552,430,3
552,469,2
552,59,1
552,521,1
552,132,4
552,402,5
552,7,2
552,74,3
552,680,3
552,144,3
552,560,2
552,149,1
552,556,4
552,91,3
552,684,4
552,652,1
552,183,5
552,206,2
552,103,2
552,360,2
552,302,3
552,518,4
552,385,3
552,61,2
552,287,5
552,4,3
552,152,5
552,449,3
552,552,2
552,520,4
552,605,4
552,520,3
552,664,1
552,526,4
552,440,2
552,515,1
552,141,2
552,190,3
552,55,1
552,548,4
552,643,4
552,399,5
552,593,4
552,443,5
552,24,5
552,505,1
552,171,4
552,224,5
552,461,2
552,665,3
552,540,4
552,386,4
552,421,2
552,395,2
552,47,5
552,666,4
552,55,3
552,567,2
552,676,2
552,712,2
552,224,3
552,535,4
552,659,2
552,722,2
552,490,1
552,532,3
552,475,2
552,542,1
552,8,3
552,471,3
552,22,3
552,117,2
552,184,4
552,138,3
552,75,3
552,312,1
552,221,1
552,243,5
552,370,4
552,212,4
552,688,5
552,503,4
552,140,4
552,10,3
552,565,2
552,266,3
552,231,2
552,711,5
552,539,1
552,627,4
552,459,1
552,279,4
552,725,5
552,50,3
552,258,2
552,456,3
552,85,2
552,561,5
552,620,5
552,628,1
552,314,1
552,531,1
552,22,5
552,538,1
552,357,5
552,242,4
552,618,5
552,37,2
552,452,1
552,7,2
552,209,5
552,79,3
552,104,2
552,703,3
552,118,2
552,169,1
552,213,3
552,96,2
552,82,5
552,379,1
552,165,1
552,358,5
552,439,2
552,383,2
552,282,5
552,104,1
552,450,1
552,647,1
552,378,1
552,503,1
552,176,2
552,196,5
552,232,1
552,401,4
552,203,1
552,173,2
552,525,1
552,674,2
552,549,4
552,288,5
552,287,2
552,359,5
553,658,4
553,427,5
553,98,3
553,124,2
553,415,5
553,143,5
553,71,4
553,653,5
553,36,1
553,584,2
553,665,3
553,19,3
553,133,1
553,206,3
553,18,3
553,263,2
553,230,3
553,255,2
553,214,2
553,644,4
553,7,2
553,319,4
553,267,4
553,55,5
553,241,2
553,598,3
553,1,4
553,3,4
553,6,4
553,47,5
553,50,5
553,70,3
553,101,5
553,110,4
553,151,5
553,157,5
553,163,5
553,216,5
553,223,3
553,231,5
553,235,4
553,260,5
553,296,3
553,316,3
553,333,5
553,349,4
553,356,4
553,362,5
553,367,4
553,423,3
553,441,4
553,457,5
553,480,4
553,500,3
553,260,4
553,296,5
553,316,3
553,333,3
553,349,5
553,356,4
553,362,4
553,367,5
553,423,4
553,441,3
553,544,4
553,31,0.5
553,527,0.5
553,647,0.5
553,688,0.5
553,720,0.5
553,21,3
553,32,2
553,45,3
553,47,2
553,52,3
553,58,3
553,106,4
553,125,5
553,126,1
553,162,5
553,171,3
553,176,5
553,190,2
554,215,5
554,222,1
554,232,5
554,235,2
554,247,3
554,260,5
554,265,5
554,296,1
554,319,5
554,342,5
554,345,4
554,348,4
554,351,3
554,1,4
554,21,4
554,34,4
554,36,4
554,39,3
554,50,4
554,58,5
554,110,4
554,150,3
554,153,3
554,232,4
554,247,5
554,253,3
554,261,4
554,265,3
554,266,1
554,290,5
554,296,5
554,300,3
554,316,2
554,318,3
554,2,4
554,3,5
554,4,3
554,5,5
554,6,4
554,7,4
554,8,3
554,10,3
554,11,4
554,13,3
554,15,4
554,16,4
554,17,4
554,19,2
554,21,2
554,22,5
554,24,4
554,25,3
554,26,4
554,27,3
554,1,4.5
554,50,4.5
554,58,3
554,150,4.5
554,165,4
554,260,5
554,356,5
554,380,3
554,466,5
554,480,5
554,587,2
554,588,3
554,589,2.5
554,592,3
554,593,5
554,595,3.5
554,648,4
554,2,4
554,10,2
554,11,4
554,21,4
554,32,3
554,34,5
554,39,3
554,47,4
554,50,5
554,110,3
554,141,3
554,150,4
554,153,2
554,185,5
554,186,4
554,208,3
554,231,4
554,235,3
555,236,3
555,252,3
555,253,5
555,282,3
555,292,3
555,296,4
555,317,3
555,318,5
555,339,3
555,356,3
555,357,5
555,364,5
555,41,3
555,187,3
555,223,4
555,371,3
555,627,3
555,208,3
555,231,5
555,235,3
555,236,3
555,252,4
555,253,3
555,282,5
555,292,3
555,296,3
555,317,5
555,318,5
555,339,3
555,356,4
555,6,2
555,10,3
555,36,5
555,44,5
555,95,3
555,110,3
555,150,4
555,153,3
555,165,4
555,170,4
555,208,5
555,292,5
555,318,3
555,349,2
555,356,3
555,368,4
555,376,3
555,377,5
555,380,3
555,434,4
555,457,4
555,466,3
555,474,4
555,480,5
555,493,4
555,511,5
555,529,4
555,589,3
555,39,4
555,168,5
555,222,5
555,256,5
555,261,4.5
555,277,3
555,357,3.5
555,543,3.5
555,46,2
555,213,4
555,637,3
555,162,5
555,225,1
555,293,2
555,7,1
555,541,1
555,399,3
555,132,4
555,30,3
555,51,2
555,45,5
555,129,1
555,582,3
555,546,3
555,144,5
555,610,1
555,325,1
555,354,2
555,181,1
555,108,3
555,359,1
555,652,1
555,190,2
555,480,2
555,551,3
555,68,5
555,374,3
555,677,3
555,581,5
555,174,5
555,183,1
555,485,4
555,546,4
555,23,5
555,477,1
555,554,1
555,179,1
555,708,3
555,273,5
555,157,2
555,63,5
555,687,1
555,397,4
555,631,2
555,48,5
555,579,1
555,349,3
555,650,3
555,622,4
555,472,2
555,383,2
555,337,2
555,103,4
555,547,5
555,720,4
555,261,4
555,226,4
555,443,1
555,469,3
555,220,1
555,253,5
555,17,2
555,193,2
555,573,5
555,687,1
555,688,5
555,687,4
555,353,3
555,476,2
555,14,4
555,164,5
555,634,2
555,460,4
555,689,2
555,619,2
555,537,1
555,652,4
555,705,4
555,438,3
555,23,2
555,116,4
555,35,5
555,691,3
555,151,1
555,354,2
555,311,5
555,319,1
555,300,1
555,526,4
555,58,1
555,419,1
555,311,5
555,346,4
555,9,1
555,360,5
555,356,2
555,477,3
555,663,1
555,398,2
555,294,2
555,619,4
555,286,5
555,712,2
555,231,1
555,51,5
555,76,3
555,681,5
555,531,1
555,627,2
555,291,5
555,709,1
555,443,5
555,217,3
555,702,4
555,530,1
555,649,2
555,332,1
555,558,3
555,30,3
555,334,3
555,267,3
555,630,2
555,455,1
555,445,1
555,409,5
555,624,5
555,320,4
555,101,5
555,598,1
555,27,5
555,29,3
555,427,2
555,524,4
555,667,3
555,134,2
555,685,3
555,672,5
555,491,5
555,721,3
555,275,1
555,216,2
555,395,4
555,463,1
555,267,3
555,201,4
555,648,2
555,715,1
555,110,2
555,453,2
555,428,3
555,291,1
555,573,3
555,204,2
555,449,5
555,22,3
555,287,4
555,60,1
555,24,4
555,58,2
555,471,1
555,60,4
555,166,4
555,428,4
555,297,1
555,666,2
555,274,3
555,220,4
555,161,1
555,102,2
555,264,5
555,658,2
555,576,1
555,64,3
555,397,1
555,623,2
555,175,3
555,505,3
555,83,3
555,290,4
555,413,1
555,268,2
555,566,1
555,509,4
555,536,4
555,404,3
555,125,1
555,115,2
555,620,5
555,226,5
555,200,4
555,640,3
555,477,2
555,535,1
555,602,1
555,306,1
555,9,1
555,511,2
555,2,1
555,62,5
555,94,3
555,457,2
555,364,2
555,499,4
555,263,1
555,303,3
555,590,5
555,301,2
555,238,4
555,622,2
555,350,1
555,93,5
555,494,2
555,314,4
555,55,1
555,357,5
555,579,3
555,703,5
555,507,4
555,247,5
555,188,2
555,372,2
555,544,1
555,609,4
555,17,5
555,195,5
555,361,3
555,189,3
555,228,5
555,287,2
555,242,4
555,625,3
555,442,1
555,531,4
555,698,4
555,608,2
555,373,5
555,617,3
555,534,1
555,478,5
555,707,4
555,49,1
555,541,2
555,481,4
555,193,4
555,246,3
555,461,2
555,536,1
555,660,1
555,677,5
555,681,5
555,140,5
555,61,2
555,204,1
555,609,2
555,323,3
555,121,1
555,6,2
555,375,2
555,37,3
555,353,3
555,585,5
555,576,2
555,437,3
555,52,2
555,725,3
555,311,2
555,211,2
555,682,2
555,39,4
555,538,3
555,250,3
555,12,2
555,320,3
555,61,3
555,498,4
555,714,4
555,660,2
555,246,5
555,184,2
555,145,2
555,553,2
555,721,3
555,372,3
555,324,3
555,136,5
555,458,3
555,600,5
555,37,4
555,594,5
555,279,4
555,197,5
555,363,3
555,595,5
555,409,5
555,548,2
555,431,5
555,548,2
555,703,2
555,201,1
555,158,5
555,354,2
555,305,5
555,225,4
555,156,4
555,230,3
555,476,1
555,116,3
555,276,4
555,67,1
555,587,3
555,176,2
555,591,2
555,358,1
555,453,1
555,225,5
555,92,5
555,495,3
555,425,3
555,621,4
555,527,1
555,622,5
555,647,1
555,678,4
555,546,5
555,563,4
555,288,4
555,72,4
555,276,4
555,22,4
555,562,2
555,256,3
555,206,4
555,209,2
555,165,4
555,573,1
555,418,2
555,538,5
555,205,4
555,536,4
555,592,1
555,63,3
555,604,3
555,500,5
555,381,4
555,82,5
555,322,5
555,245,4
555,642,2
555,41,4
555,45,3
555,253,4
555,41,4
555,604,2
555,404,2
555,439,4
555,486,3
555,605,4
555,409,4
555,93,5
555,523,5
555,98,3
555,291,3
555,6,5
555,594,1
555,201,1
555,565,1
555,219,4
555,269,4
555,625,1
555,648,4
555,261,4
555,375,3
555,163,5
555,15,3
555,183,2
555,70,2
555,354,2
555,533,1
555,275,4
555,292,5
555,428,1
555,8,2
555,504,2
555,225,4
555,684,5
555,584,5
555,319,1
555,220,3
555,214,2
555,709,1
555,372,3
555,352,5
555,148,3
555,378,4
555,472,3
555,96,2
555,172,3
555,146,2
555,609,4
555,688,1
555,613,3
555,431,3
555,570,1
555,90,5
555,415,1
555,192,2
555,60,2
555,642,5
555,20,3
555,506,3
555,323,5
555,606,5
555,24,4
555,629,3
555,457,2
555,384,1
555,712,2
555,171,3
555,450,1
555,319,3
555,713,5
555,47,3
555,5,4
555,55,4
555,726,5
555,592,4
555,598,4
555,640,5
555,166,2
555,514,3
555,224,5
555,131,1
555,47,5
555,592,5
555,327,4
555,74,4
555,589,3
555,145,2
555,724,5
555,566,3
555,377,5
555,504,4
555,678,5
555,428,1
555,269,4
555,28,2
555,493,3
555,182,4
555,171,5
555,458,4
555,19,3
555,370,1
555,158,4
555,297,4
555,667,4
555,434,2
555,126,1
555,338,1
555,228,1
555,670,4
555,13,5
555,410,5
555,381,4
555,167,1
555,403,2
555,282,1
555,696,1
555,227,4
555,322,2
555,625,3
555,72,2
555,37,2
555,284,4
555,328,2
555,404,5
555,660,1
555,628,5
555,538,3
555,151,4
555,98,3
555,574,1
555,289,4
555,108,4
555,322,4
555,474,2
555,486,1
555,80,2
555,201,3
555,707,1
555,383,2
555,167,4
555,719,5
555,651,3
555,167,3
555,24,5
555,309,5
555,163,2
555,273,3
555,475,2
555,724,3
555,397,4
555,649,1
555,389,4
555,594,5
555,121,1
555,274,5
555,41,3
555,684,2
555,691,2
555,649,1
556,222,1
556,694,2
556,552,4
556,359,5
556,288,4
556,406,3
556,348,2
556,176,4
556,563,5
556,473,5
556,309,4
556,455,3
556,670,2
556,67,1
556,328,1
556,233,4
556,463,1
556,250,1
556,23,3
556,556,1
556,667,3
556,308,4
556,259,4
556,58,3
556,451,2
556,393,5
556,369,4
556,24,5
556,313,5
556,493,1
556,436,2
556,723,4
557,97,1
557,383,5
557,182,4
557,136,5
557,184,2
557,516,3
557,267,2
557,92,5
557,720,3
557,544,4
557,490,3
557,689,4
557,432,5
557,363,2
557,527,1
557,519,3
557,331,5
557,184,1
557,329,5
557,676,5
557,641,5
557,255,4
557,389,5
557,204,3
557,136,4
557,581,3
557,563,1
558,189,5
558,141,1
558,69,3
558,586,3
558,703,2
558,309,3
558,560,1
558,83,1
558,122,2
558,611,1
558,432,5
558,611,3
558,683,1
558,9,3
558,470,5
558,569,3
558,613,1
558,136,4
558,490,4
558,9,5
558,94,1
558,537,4
558,718,1
558,639,1
558,322,3
558,640,4
558,296,4
558,690,4
558,360,1
558,213,1
558,24,5
558,224,1
558,91,5
558,205,5
558,383,4
558,640,2
558,178,5
558,425,1
558,261,3
558,262,4
558,339,4
558,284,2
558,130,3
558,537,4
558,416,4
558,19,4
558,509,1
558,408,4
558,105,2
558,134,3
558,247,5
558,483,5
558,642,3
558,614,1
558,98,1
558,237,1
559,158,3
559,82,5
559,56,4
559,153,3
559,476,3
559,206,5
559,286,4
559,47,5
559,401,5
559,141,1
559,429,1
559,516,1
559,271,3
559,393,4
559,277,5
559,151,3
559,380,2
559,144,1
559,187,3
559,510,1
559,234,1
559,643,3
559,686,5
559,113,1
559,576,2
559,182,2
559,708,2
559,441,5
559,143,4
559,418,2
559,13,3
559,432,1
559,115,4
559,44,3
559,645,4
559,565,2
559,50,3
559,203,1
559,582,3
559,593,5
559,557,4
559,292,2
559,27,1
559,428,4
559,45,2
559,407,3
559,168,2
559,674,3
559,660,1
559,184,4
559,702,2
559,519,3
559,19,3
559,596,2
559,226,2
559,155,1
559,319,4
559,540,2
559,92,2
559,331,1
559,407,4
559,718,1
559,370,5
559,256,2
559,289,4
559,568,3
559,591,2
559,584,1
559,648,5
559,501,3
559,68,1
559,181,4
559,238,5
559,59,2
559,101,2
559,325,1
559,676,2
559,696,4
559,649,4
559,70,5
559,480,4
559,547,3
559,88,1
559,498,5
559,373,2
559,570,3
559,492,2
559,171,3
559,172,4
559,651,2
559,26,2
559,445,5
559,387,1
559,238,3
559,224,2
559,427,1
559,719,4
559,295,5
559,546,2
559,499,4
559,502,3
559,340,3
559,12,4
559,136,5
559,228,5
559,681,4
559,641,4
559,268,3
559,635,5
559,130,1
559,662,4
559,103,4
559,81,2
559,263,3
559,565,3
559,461,3
559,548,2
559,405,1
559,189,2
559,104,4
559,473,2
559,100,3
559,408,3
559,359,3
559,110,2
559,339,5
559,215,3
559,123,3
559,611,3
559,457,1
559,147,3
559,314,3
559,165,2
559,54,2
559,503,4
559,655,3
559,381,5
559,587,3
559,512,5
559,626,5
560,250,4
560,147,4
560,548,4
560,601,5
560,644,5
560,725,2
560,385,5
560,472,1
560,367,2
560,601,1
560,464,5
560,151,5
560,656,2
560,556,4
560,12,4
560,529,2
560,385,5
560,469,5
560,22,1
560,517,2
560,201,2
560,178,5
560,537,5
560,509,3
560,256,2
560,138,1
560,354,5
560,647,2
560,476,2
560,616,2
560,503,1
560,142,2
560,448,4
560,294,3
560,283,3
560,671,3
560,147,1
560,25,1
560,252,2
560,408,4
560,401,1
560,388,1
560,255,2
560,461,3
560,438,1
560,536,3
560,393,2
560,99,4
560,142,1
560,444,5
560,123,1
560,336,5
560,658,2
560,702,5
560,525,3
560,465,3
560,136,3
560,659,1
560,305,5
560,257,4
560,644,5
560,82,5
560,661,5
560,184,4
560,241,4
560,430,3
560,469,2
560,59,1
560,521,1
560,132,4
560,402,5
560,7,2
560,74,3
560,680,3
560,144,3
560,560,2
560,149,1
560,556,4
560,91,3
560,684,4
560,652,1
560,183,5
560,206,2
560,103,2
560,360,2
560,302,3
560,518,4
560,385,3
560,61,2
560,287,5
560,4,3
560,152,5
560,449,3
560,552,2
560,520,4
560,605,4
560,520,3
560,664,1
560,526,4
560,440,2
560,515,1
560,141,2
560,190,3
560,55,1
560,548,4
560,643,4
560,399,5
560,593,4
560,443,5
560,24,5
560,505,1
560,171,4
560,224,5
560,461,2
560,665,3
560,540,4
560,386,4
560,421,2
560,395,2
560,47,5
560,666,4
560,55,3
560,567,2
560,676,2
560,712,2
560,224,3
560,535,4
560,659,2
560,722,2
560,490,1
560,532,3
560,475,2
560,542,1
560,8,3
560,471,3
560,22,3
560,117,2
560,184,4
560,138,3
560,75,3
560,312,1
560,221,1
560,243,5
560,370,4
560,212,4
560,688,5
560,503,4
560,140,4
560,10,3
560,565,2
560,266,3
560,231,2
560,711,5
560,539,1
560,627,4
560,459,1
560,279,4
560,725,5
560,50,3
560,258,2
560,456,3
560,85,2
560,561,5
560,620,5
560,628,1
560,314,1
560,531,1
560,22,5
560,538,1
560,357,5
560,242,4
560,618,5
560,37,2
560,452,1
560,7,2
560,209,5
560,79,3
560,104,2
560,703,3
560,118,2
560,169,1
560,213,3
560,96,2
560,82,5
560,379,1
560,165,1
560,358,5
560,439,2
560,383,2
560,282,5
560,104,1
560,450,1
560,647,1
560,378,1
560,503,1
560,176,2
560,196,5
560,232,1
560,401,4
560,203,1
560,173,2
560,525,1
560,674,2
560,549,4
560,288,5
560,287,2
560,359,5
560,658,4
560,427,5
560,98,3
560,124,2
560,415,5
560,143,5
560,71,4
560,653,5
560,36,1
560,584,2
560,665,3
560,19,3
560,133,1
560,206,3
560,18,3
560,263,2
560,230,3
560,255,2
560,214,2
560,644,4
560,7,2
560,319,4
560,267,4
560,55,5
560,241,2
560,598,3
560,5,4
560,1,4
560,3,4
560,6,5
560,47,5
560,50,3
560,70,5
560,101,4
560,110,5
560,151,5
560,157,5
560,163,5
560,216,3
560,223,5
560,231,4
560,235,5
560,260,3
560,296,3
560,316,5
560,333,4
560,349,4
560,356,5
560,362,4
560,367,3
560,423,4
560,441,5
560,457,4
560,480,3
560,500,4
560,260,5
560,296,3
560,316,3
560,333,5
560,349,4
560,356,4
560,362,5
560,367,4
560,423,3
560,441,4
560,544,0.5
560,31,0.5
560,527,0.5
560,647,0.5
560,688,0.5
560,720,3
560,21,2
560,32,3
560,45,2
560,47,3
560,52,3
560,58,4
560,106,5
560,125,1
560,126,5
560,162,3
560,171,5
560,176,2
560,190,5
560,215,1
560,222,5
560,232,2
560,235,3
560,247,5
560,260,5
560,265,1
560,296,5
560,319,5
560,342,4
560,345,4
560,348,3
561,351,4
562,1,4
563,21,4
564,34,4
565,36,3
566,39,4
567,50,5
568,58,4
569,110,3
570,150,3
571,153,4
572,232,5
573,247,3
574,253,4
575,261,3
576,265,1
577,266,5
578,290,5
579,296,3
580,300,2
581,316,3
582,318,4
583,2,5
584,3,3
585,4,5
586,5,4
587,6,4
588,7,3
589,8,3
590,10,4
591,11,3
592,13,4
593,15,4
594,16,4
595,17,2
596,19,2
597,21,5
598,22,4
599,24,3
600,25,4
601,26,3
602,27,4.5
603,1,4.5
603,50,3
603,58,4.5
603,150,4
603,165,5
603,260,5
603,356,3
603,380,5
603,466,5
603,480,2
603,587,3
603,588,2.5
603,589,3
603,592,5
603,593,3.5
603,595,4
603,648,4
603,2,2
603,10,4
603,11,4
603,21,3
603,32,5
603,34,3
603,39,4
603,47,5
603,50,3
603,110,3
603,141,4
603,150,2
603,153,5
603,185,4
603,186,3
603,208,4
603,231,3
603,235,3
603,236,3
603,252,5
603,253,3
603,282,3
603,292,4
603,296,3
603,317,5
603,318,3
603,339,3
603,356,5
603,357,5
603,364,3
603,41,3
603,187,4
603,223,3
603,371,3
603,627,3
603,208,5
603,231,3
603,235,3
603,236,4
603,252,3
603,253,5
603,282,3
603,292,3
603,296,5
603,317,5
603,318,3
603,339,4
603,356,2
603,6,3
603,10,5
603,36,5
603,44,3
603,95,3
603,110,4
603,150,3
603,153,4
603,165,4
603,170,5
603,208,5
603,292,3
603,318,2
603,349,3
603,356,4
603,368,3
603,376,5
603,377,3
603,380,4
603,434,4
603,457,3
603,466,4
603,474,5
603,480,4
603,493,5
603,511,4
603,529,3
603,589,4
603,39,5
603,168,5
603,222,5
603,256,4.5
603,261,3
603,277,3.5
603,357,3.5
603,543,2
603,46,4
603,213,3
603,637,5
603,162,1
603,225,2
603,293,1
603,7,1
603,541,3
603,399,4
603,132,3
603,30,2
603,51,5
603,45,1
603,129,3
603,582,3
603,546,5
603,144,1
603,610,1
603,325,2
603,354,1
603,181,3
603,108,1
603,359,1
603,652,2
603,190,2
603,480,3
603,551,5
603,68,3
603,374,3
603,677,5
603,581,5
603,174,1
603,183,4
603,485,4
603,546,5
603,23,1
603,477,1
603,554,1
603,179,3
603,708,5
603,273,2
603,157,5
603,63,1
603,687,4
603,397,2
603,631,5
603,48,1
603,579,3
603,349,3
603,650,4
603,622,2
603,472,2
603,383,2
603,337,4
603,103,5
603,547,4
603,720,4
603,261,4
603,226,1
603,443,3
603,469,1
603,220,5
603,253,2
603,17,2
603,193,5
603,573,1
603,687,5
603,688,4
603,687,3
603,353,2
603,476,4
603,14,5
603,164,2
603,634,4
603,460,2
603,689,2
603,619,1
603,537,4
603,652,4
603,705,3
603,438,2
603,23,4
603,116,5
603,35,3
603,691,1
603,151,2
603,354,5
603,311,1
603,319,1
603,300,4
603,526,1
603,58,1
603,419,5
603,311,4
603,346,1
603,9,5
603,360,2
603,356,3
603,477,1
603,663,2
603,398,2
603,294,4
603,619,5
603,286,2
603,712,1
603,231,5
603,51,3
603,76,5
603,681,1
603,531,2
603,627,5
603,291,1
603,709,5
603,443,3
603,217,4
603,702,1
603,530,2
603,649,1
603,332,3
603,558,3
603,30,3
603,334,3
603,267,2
603,630,1
603,455,1
603,445,5
603,409,5
603,624,4
603,320,5
603,101,1
603,598,5
603,27,3
603,29,2
603,427,4
603,524,3
603,667,2
603,134,3
603,685,5
603,672,5
603,491,3
603,721,1
603,275,2
603,216,4
603,395,1
603,463,3
603,267,4
603,201,2
603,648,1
603,715,2
603,110,2
603,453,3
603,428,1
603,291,3
603,573,2
603,204,5
603,449,3
603,22,4
603,287,1
603,60,4
603,24,2
603,58,1
603,471,4
603,60,4
603,166,4
603,428,1
603,297,2
603,666,3
603,274,4
603,220,1
603,161,2
603,102,5
603,264,2
603,658,1
603,576,3
603,64,1
603,397,2
603,623,3
603,175,3
603,505,3
603,83,4
603,290,1
603,413,2
603,268,1
603,566,4
603,509,4
603,536,3
603,404,1
603,125,2
603,115,5
603,620,5
603,226,4
603,200,3
603,640,2
603,477,1
603,535,1
603,602,1
603,306,1
603,9,2
603,511,1
603,2,5
603,62,3
603,94,2
603,457,2
603,364,4
603,499,1
603,263,3
603,303,5
603,590,2
603,301,4
603,238,2
603,622,1
603,350,5
603,93,2
603,494,4
603,314,1
603,55,5
603,357,3
603,579,5
603,703,4
603,507,5
603,247,2
603,188,2
603,372,1
603,544,4
603,609,5
603,17,5
603,195,3
603,361,3
603,189,5
603,228,2
603,287,4
603,242,3
603,625,1
603,442,4
603,531,4
603,698,2
603,608,5
603,373,3
603,617,1
603,534,5
603,478,4
603,707,1
603,49,2
603,541,4
603,481,4
603,193,3
603,246,2
603,461,1
603,536,1
603,660,5
603,677,5
603,681,5
603,140,2
603,61,1
603,204,2
603,609,3
603,323,1
603,121,2
603,6,2
603,375,3
603,37,3
603,353,5
603,585,2
603,576,3
603,437,2
603,52,3
603,725,2
603,311,2
603,211,2
603,682,4
603,39,3
603,538,3
603,250,2
603,12,3
603,320,3
603,61,4
603,498,4
603,714,2
603,660,5
603,246,2
603,184,2
603,145,2
603,553,3
603,721,3
603,372,3
603,324,5
603,136,3
603,458,5
603,600,4
603,37,5
603,594,4
603,279,5
603,197,3
603,363,5
603,595,5
603,409,2
603,548,5
603,431,2
603,548,2
603,703,1
603,201,5
603,158,2
603,354,5
603,305,4
603,225,4
603,156,3
603,230,1
603,476,3
603,116,4
603,276,1
603,67,3
603,587,2
603,176,2
603,591,1
603,358,1
603,453,5
603,225,5
603,92,3
603,495,3
603,425,4
603,621,1
603,527,5
603,622,1
603,647,4
603,678,5
603,546,4
603,563,4
603,288,4
603,72,4
603,276,4
603,22,2
603,562,3
603,256,4
603,206,2
603,209,4
603,165,1
603,573,2
603,418,5
603,538,4
603,205,4
603,536,1
603,592,3
603,63,3
603,604,5
603,500,4
603,381,5
603,82,5
603,322,4
603,245,2
603,642,4
603,41,3
603,45,4
603,253,4
603,41,2
603,604,2
603,404,4
603,439,3
603,486,4
603,605,4
603,409,5
603,93,5
603,523,3
603,98,3
603,291,5
603,6,1
603,594,1
603,201,1
603,565,4
603,219,4
603,269,1
603,625,4
603,648,4
603,261,3
603,375,5
603,163,3
603,15,2
603,183,2
603,70,2
603,354,1
603,533,4
603,275,5
603,292,1
603,428,2
603,8,2
603,504,4
603,225,5
603,684,5
603,584,1
603,319,3
603,220,2
603,214,1
603,709,3
603,372,5
603,352,3
603,148,4
603,378,3
603,472,2
603,96,3
603,172,2
603,146,4
603,609,1
603,688,3
603,613,3
603,431,1
603,570,5
603,90,1
603,415,2
603,192,2
603,60,5
603,642,3
603,20,3
603,506,5
603,323,5
603,606,4
603,24,3
603,629,2
603,457,1
603,384,2
603,712,3
603,171,1
603,450,3
603,319,5
603,713,3
603,47,4
603,5,4
603,55,5
603,726,4
603,592,4
603,598,5
603,640,2
603,166,3
603,514,5
603,224,1
603,131,5
603,47,5
603,592,4
603,327,4
603,74,3
603,589,2
603,145,5
603,724,3
603,566,5
603,377,4
603,504,5
603,678,1
603,428,4
603,269,2
603,28,3
603,493,4
603,182,5
603,171,4
603,458,3
603,19,1
603,370,4
603,158,4
603,297,4
603,667,2
603,434,1
603,126,1
603,338,1
603,228,4
603,670,5
603,13,5
603,410,4
603,381,1
603,167,2
603,403,1
603,282,1
603,696,4
603,227,2
603,322,3
603,625,2
603,72,2
603,37,4
603,284,2
603,328,5
603,404,1
603,660,5
603,628,3
603,538,4
603,151,3
603,98,1
603,574,4
603,289,4
603,108,4
603,322,2
603,474,1
603,486,2
603,80,3
603,201,1
603,707,2
603,383,4
603,167,5
603,719,3
603,651,3
603,167,5
603,24,5
603,309,2
603,163,3
603,273,2
603,475,3
603,724,4
603,397,1
603,649,4
603,389,5
603,594,1
603,121,5
603,274,3
603,41,2
603,684,2
603,691,1
603,649,1
603,222,2
603,694,4
603,552,5
603,359,4
603,288,3
603,406,2
603,348,4
603,176,5
603,563,5
603,473,4
603,309,3
603,455,2
603,670,1
603,67,1
603,328,4
603,233,1
603,463,1
603,250,3
603,23,1
603,556,3
603,667,4
603,308,4
603,259,3
603,58,2
603,451,5
603,393,4
603,369,5
603,24,5
603,313,1
603,493,2
603,436,4
603,723,1
603,97,5
603,383,4
603,182,5
603,136,2
603,184,3
603,516,2
603,267,5
603,92,3
603,720,4
603,544,3
603,490,4
603,689,5
603,432,2
603,363,1
603,527,3
603,519,5
603,331,1
603,184,5
603,329,5
603,676,5
603,641,4
603,255,5
603,389,3
603,204,4
603,136,3
603,581,1
603,563,5
603,189,1
603,141,3
603,69,3
603,586,2
603,703,3
603,309,1
603,560,1
603,83,2
603,122,1
603,611,5
603,432,3
603,611,1
603,683,3
603,9,5
603,470,3
603,569,1
603,613,4
603,136,4
603,490,5
603,9,1
603,94,4
603,537,1
603,718,1
603,639,3
603,322,4
603,640,4
603,296,4
603,690,1
603,360,1
603,213,5
603,24,1
603,224,5
603,91,5
603,205,4
603,383,2
603,640,5
603,178,1
603,425,3
603,261,4
603,262,4
603,339,2
603,284,3
603,130,4
603,537,4
603,416,4
603,19,1
603,509,4
603,408,2
603,105,3
603,134,5
603,247,5
603,483,3
603,642,1
603,614,1
603,98,1
603,237,3
603,158,5
603,82,4
603,56,3
603,153,3
603,476,5
603,206,4
603,286,5
603,47,5
603,401,1
603,141,1
603,429,1
603,516,3
603,271,4
603,393,5
603,277,3
603,151,2
603,380,1
603,144,3
603,187,1
603,510,1
603,234,3
603,643,5
603,686,1
603,113,2
603,576,2
603,182,2
603,708,5
603,441,4
603,143,2
603,418,3
603,13,1
603,432,4
603,115,3
603,44,4
603,645,2
603,565,3
603,50,1
603,203,3
603,582,5
603,593,4
603,557,2
603,292,1
603,27,4
603,428,2
603,45,3
603,407,2
603,168,3
603,674,1
603,660,4
603,184,2
603,702,3
603,519,3
603,19,2
603,596,2
603,226,1
603,155,4
603,319,2
603,540,2
603,92,1
603,331,4
603,407,1
603,718,5
603,370,2
603,256,4
603,289,3
603,568,2
603,591,1
603,584,5
603,648,3
603,501,1
603,68,4
603,181,5
603,238,2
603,59,2
604,101,1
604,325,2
604,676,4
604,696,4
604,649,5
604,70,4
604,480,3
604,547,1
604,88,5
604,498,2
604,373,3
604,570,2
604,492,3
604,171,4
604,172,2
604,651,2
604,26,5
604,445,1
604,387,3
604,238,2
604,224,1
604,427,4
604,719,5
604,295,2
604,546,4
604,499,3
604,502,3
604,340,4
604,12,5
604,136,5
604,228,4
604,681,4
604,641,3
604,268,5
604,635,1
604,130,4
604,662,4
604,103,2
604,81,3
604,263,3
604,565,3
604,461,2
604,548,1
604,405,2
604,189,4
604,104,2
604,473,3
604,100,3
604,408,3
604,359,2
604,110,5
604,339,3
604,215,3
604,123,3
604,611,1
604,457,3
604,147,3
604,314,2
604,165,2
604,54,4
604,503,3
604,655,5
604,381,3
604,587,5
604,512,5
604,626,4
604,250,4
604,147,4
604,548,5
604,601,5
604,644,2
604,725,5
604,385,1
604,472,2
604,367,1
604,601,5
604,464,5
604,151,2
604,656,4
604,556,4
604,12,2
604,529,5
604,385,5
604,469,1
604,22,2
604,517,2
604,201,5
604,178,5
604,537,3
604,509,2
604,256,1
604,138,5
604,354,2
604,647,2
604,476,2
604,616,1
604,503,2
604,142,4
604,448,3
604,294,3
605,283,3
605,671,1
605,147,1
605,25,2
605,252,4
605,408,1
605,401,1
605,388,2
605,255,3
605,461,1
605,438,3
605,536,2
605,393,4
605,99,1
605,142,5
605,444,1
605,123,5
605,336,2
605,658,5
605,702,3
605,525,3
605,465,3
605,136,1
605,659,5
605,305,4
605,257,5
605,644,5
605,82,5
605,661,4
605,184,4
605,241,3
605,430,2
605,469,1
605,59,1
605,521,4
605,132,5
605,402,2
605,7,3
605,74,3
605,680,3
605,144,2
605,560,1
605,149,4
605,556,3
605,91,4
605,684,1
605,652,5
605,183,2
605,206,2
605,103,2
605,360,3
605,302,4
605,518,3
605,385,2
605,61,5
605,287,3
605,4,5
605,152,3
605,449,2
605,552,4
605,520,4
605,605,3
605,520,1
605,664,4
605,526,2
605,440,1
605,515,2
605,141,3
605,190,1
605,55,4
605,548,4
605,643,5
605,399,4
605,593,5
605,443,5
605,24,1
605,505,4
605,171,5
605,224,2
605,461,3
605,665,4
605,540,4
605,386,2
605,421,2
605,395,5
605,47,4
605,666,3
605,55,2
605,567,2
605,676,2
605,712,3
605,224,4
605,535,2
605,659,2
605,722,1
605,490,3
605,532,2
605,475,1
605,542,3
605,8,3
605,471,3
605,22,2
605,117,4
605,184,3
605,138,3
605,75,1
605,312,1
605,221,5
605,243,4
605,370,4
605,212,5
605,688,4
605,503,4
605,140,3
605,10,2
605,565,3
605,266,2
605,231,5
605,711,1
605,539,4
605,627,1
605,459,4
605,279,5
605,725,3
605,50,2
605,258,3
605,456,2
605,85,5
605,561,5
605,620,1
605,628,1
605,314,1
605,531,5
605,22,1
605,538,5
605,357,4
605,242,5
605,618,2
605,37,1
605,452,2
605,7,5
605,209,3
605,79,2
605,104,3
605,703,2
605,118,1
605,169,3
605,213,2
605,96,5
605,82,1
605,379,1
605,165,5
605,358,2
605,439,2
605,383,5
605,282,1
605,104,1
605,450,1
605,647,1
605,378,1
605,503,2
605,176,5
605,196,1
605,232,4
605,401,1
605,203,2
605,173,1
605,525,2
605,674,4
605,549,5
605,288,2
605,287,5
605,359,4
605,658,5
605,427,3
605,98,2
605,124,5
605,415,5
605,143,4
605,71,5
605,653,1
605,36,2
605,584,3
605,665,3
605,19,1
605,133,3
605,206,3
605,18,2
605,263,3
605,230,2
605,255,2
605,214,4
605,644,2
605,7,4
605,319,4
605,267,5
605,55,2
605,241,3
605,598,4
605,1,4
605,3,4
605,6,5
605,47,5
605,50,3
605,70,5
605,101,4
605,110,5
605,151,5
605,157,5
605,163,5
605,216,3
605,223,5
605,231,4
605,235,5
605,260,3
605,296,3
605,316,5
605,333,4
605,349,4
605,356,5
605,362,4
606,367,3
606,423,4
606,441,5
606,457,4
606,480,3
606,500,4
606,260,5
606,296,3
606,316,3
606,333,5
606,349,4
606,356,4
606,362,5
606,367,4
606,423,3
606,441,4
606,544,0.5
606,31,0.5
606,527,0.5
606,647,0.5
606,688,0.5
606,720,3
606,21,2
606,32,3
606,45,2
606,47,3
606,52,3
606,58,4
606,106,5
606,125,1
606,126,5
606,162,3
606,171,5
606,176,2
606,190,5
606,215,1
606,222,5
606,232,2
606,235,3
606,247,5
606,260,5
606,265,1
606,296,5
606,319,5
606,342,4
606,345,4
606,348,3
606,351,4
606,1,4
606,21,4
606,34,4
606,36,3
606,39,4
606,50,5
606,58,4
606,110,3
606,150,3
606,153,4
606,232,5
606,247,3
606,253,4
606,261,3
606,265,1
606,266,5
606,290,5
606,296,3
606,300,2
606,316,3
606,318,4
606,2,5
606,3,3
606,4,5
606,5,4
606,6,4
606,7,3
606,8,3
606,10,4
606,11,3
606,13,4
606,15,4
606,16,4
606,17,2
606,19,2
606,21,5
606,22,4
606,24,3
606,25,4
606,26,3
606,27,4.5
606,1,4.5
606,50,3
606,58,4.5
606,150,4
606,165,5
606,260,5
606,356,3
606,380,5
606,466,5
606,480,2
606,587,3
606,588,2.5
606,589,3
606,592,5
606,593,3.5
606,595,4
606,648,4
606,2,2
606,10,4
606,11,4
606,21,3
606,32,5
606,34,3
606,39,4
606,47,5
606,50,3
606,110,3
606,141,4
606,150,2
606,153,5
606,185,4
606,186,3
606,208,4
606,231,3
606,235,3
606,236,3
606,252,5
606,253,3
606,282,3
606,292,4
606,296,3
606,317,5
606,318,3
606,339,3
606,356,5
606,357,5
606,364,3
606,41,3
606,187,4
606,223,3
606,371,3
606,627,3
606,208,5
606,231,3
606,235,3
606,236,4
606,252,3
606,253,5
606,282,3
606,292,3
606,296,5
606,317,5
606,318,3
606,339,4
606,356,2
606,6,3
606,10,5
606,36,5
606,44,3
606,95,3
606,110,4
606,150,3
606,153,4
606,165,4
606,170,5
606,208,5
606,292,3
606,318,2
606,349,3
606,356,4
606,368,3
606,376,5
606,377,3
606,380,4
606,434,4
606,457,3
606,466,4
606,474,5
606,480,4
606,493,5
606,511,4
606,529,3
606,589,4
606,39,5
606,168,5
606,222,5
606,256,4.5
606,261,3
606,277,3.5
606,357,3.5
606,543,2
606,46,4
606,213,3
606,637,5
606,162,1
606,225,2
606,293,1
606,7,1
606,541,3
606,399,4
606,132,3
606,30,2
606,51,5
606,45,1
606,129,3
606,582,3
606,546,5
606,144,1
606,610,1
606,325,2
606,354,1
606,181,3
606,108,1
606,359,1
606,652,2
606,190,2
606,480,3
606,551,5
606,68,3
606,374,3
606,677,5
606,581,5
606,174,1
606,183,4
606,485,4
606,546,5
606,23,1
606,477,1
606,554,1
606,179,3
606,708,5
606,273,2
606,157,5
606,63,1
606,687,4
606,397,2
606,631,5
606,48,1
606,579,3
606,349,3
606,650,4
606,622,2
606,472,2
606,383,2
606,337,4
606,103,5
606,547,4
606,720,4
606,261,4
606,226,1
606,443,3
606,469,1
606,220,5
606,253,2
606,17,2
606,193,5
606,573,1
606,687,5
606,688,4
606,687,3
606,353,2
606,476,4
606,14,5
606,164,2
606,634,4
606,460,2
606,689,2
606,619,1
606,537,4
606,652,4
606,705,3
606,438,2
606,23,4
606,116,5
606,35,3
606,691,1
606,151,2
606,354,5
606,311,1
606,319,1
606,300,4
606,526,1
606,58,1
606,419,5
606,311,4
606,346,1
606,9,5
606,360,2
606,356,3
606,477,1
606,663,2
606,398,2
606,294,4
606,619,5
606,286,2
606,712,1
606,231,5
606,51,3
606,76,5
606,681,1
606,531,2
606,627,5
606,291,1
606,709,5
606,443,3
606,217,4
606,702,1
606,530,2
606,649,1
606,332,3
606,558,3
606,30,3
606,334,3
606,267,2
606,630,1
606,455,1
606,445,5
606,409,5
606,624,4
606,320,5
606,101,1
606,598,5
606,27,3
606,29,2
606,427,4
606,524,3
606,667,2
606,134,3
606,685,5
606,672,5
606,491,3
606,721,1
606,275,2
606,216,4
606,395,1
606,463,3
606,267,4
606,201,2
606,648,1
606,715,2
606,110,2
606,453,3
606,428,1
606,291,3
606,573,2
606,204,5
606,449,3
606,22,4
606,287,1
606,60,4
606,24,2
606,58,1
606,471,4
606,60,4
606,166,4
606,428,1
606,297,2
606,666,3
606,274,4
606,220,1
606,161,2
606,102,5
606,264,2
606,658,1
606,576,3
606,64,1
606,397,2
606,623,3
606,175,3
606,505,3
606,83,4
606,290,1
606,413,2
606,268,1
606,566,4
606,509,4
606,536,3
606,404,1
606,125,2
606,115,5
606,620,5
606,226,4
606,200,3
606,640,2
606,477,1
606,535,1
606,602,1
606,306,1
606,9,2
606,511,1
606,2,5
606,62,3
606,94,2
606,457,2
606,364,4
606,499,1
606,263,3
606,303,5
606,590,2
606,301,4
606,238,2
606,622,1
606,350,5
606,93,2
606,494,4
606,314,1
606,55,5
606,357,3
606,579,5
606,703,4
606,507,5
606,247,2
606,188,2
606,372,1
606,544,4
606,609,5
606,17,5
606,195,3
606,361,3
606,189,5
606,228,2
606,287,4
606,242,3
606,625,1
606,442,4
606,531,4
606,698,2
606,608,5
606,373,3
606,617,1
606,534,5
606,478,4
606,707,1
606,49,2
606,541,4
606,481,4
606,193,3
606,246,2
606,461,1
606,536,1
606,660,5
606,677,5
606,681,5
606,140,2
606,61,1
606,204,2
606,609,3
606,323,1
606,121,2
606,6,2
606,375,3
606,37,3
606,353,5
606,585,2
606,576,3
606,437,2
606,52,3
606,725,2
606,311,2
606,211,2
606,682,4
606,39,3
606,538,3
606,250,2
606,12,3
606,320,3
606,61,4
606,498,4
606,714,2
606,660,5
606,246,2
606,184,2
606,145,2
606,553,3
606,721,3
606,372,3
606,324,5
606,136,3
606,458,5
606,600,4
606,37,5
606,594,4
606,279,5
606,197,3
606,363,5
606,595,5
606,409,2
606,548,5
606,431,2
606,548,2
606,703,1
606,201,5
606,158,2
606,354,5
606,305,4
606,225,4
606,156,3
606,230,1
606,476,3
606,116,4
606,276,1
606,67,3
606,587,2
606,176,2
606,591,1
606,358,1
606,453,5
606,225,5
606,92,3
606,495,3
606,425,4
606,621,1
606,527,5
606,622,1
606,647,4
606,678,5
606,546,4
606,563,4
606,288,4
606,72,4
606,276,4
606,22,2
606,562,3
606,256,4
606,206,2
606,209,4
606,165,1
606,573,2
606,418,5
606,538,4
606,205,4
606,536,1
606,592,3
606,63,3
606,604,5
606,500,4
606,381,5
606,82,5
606,322,4
606,245,2
606,642,4
606,41,3
606,45,4
606,253,4
606,41,2
606,604,2
606,404,4
606,439,3
606,486,4
606,605,4
606,409,5
606,93,5
606,523,3
606,98,3
606,291,5
606,6,1
606,594,1
606,201,1
606,565,4
606,219,4
606,269,1
606,625,4
606,648,4
606,261,3
606,375,5
606,163,3
606,15,2
606,183,2
606,70,2
606,354,1
606,533,4
606,275,5
606,292,1
606,428,2
606,8,2
606,504,4
606,225,5
606,684,5
606,584,1
606,319,3
606,220,2
606,214,1
606,709,3
606,372,5
606,352,3
606,148,4
606,378,3
606,472,2
606,96,3
606,172,2
606,146,4
606,609,1
606,688,3
606,613,3
606,431,1
606,570,5
606,90,1
606,415,2
606,192,2
606,60,5
606,642,3
606,20,3
606,506,5
606,323,5
606,606,4
606,24,3
606,629,2
606,457,1
606,384,2
606,712,3
606,171,1
606,450,3
606,319,5
606,713,3
606,47,4
606,5,4
606,55,5
606,726,4
606,592,4
606,598,5
606,640,2
606,166,3
606,514,5
606,224,1
606,131,5
606,47,5
606,592,4
606,327,4
606,74,3
606,589,2
606,145,5
606,724,3
606,566,5
606,377,4
606,504,5
606,678,1
606,428,4
606,269,2
606,28,3
606,493,4
606,182,5
606,171,4
606,458,3
606,19,1
606,370,4
606,158,4
606,297,4
606,667,2
606,434,1
606,126,1
606,338,1
606,228,4
606,670,5
606,13,5
606,410,4
606,381,1
606,167,2
606,403,1
606,282,1
606,696,4
606,227,2
606,322,3
606,625,2
606,72,2
606,37,4
606,284,2
606,328,5
606,404,1
606,660,5
606,628,3
606,538,4
606,151,3
606,98,1
606,574,4
606,289,4
606,108,4
606,322,2
606,474,1
606,486,2
606,80,3
606,201,1
606,707,2
606,383,4
606,167,5
606,719,3
606,651,3
606,167,5
606,24,5
606,309,2
606,163,3
606,273,2
606,475,3
606,724,4
606,397,1
606,649,4
606,389,5
606,594,1
606,121,5
606,274,3
606,41,2
606,684,2
606,691,1
606,649,1
606,222,2
606,694,4
606,552,5
606,359,4
606,288,3
606,406,2
606,348,4
606,176,5
606,563,5
606,473,4
606,309,3
606,455,2
606,670,1
606,67,1
606,328,4
606,233,1
606,463,1
606,250,3
606,23,1
606,556,3
606,667,4
606,308,4
606,259,3
606,58,2
606,451,5
606,393,4
606,369,5
606,24,5
606,313,1
606,493,2
606,436,4
606,723,1
606,97,5
606,383,4
606,182,5
606,136,2
606,184,3
606,516,2
606,267,5
606,92,3
606,720,4
606,544,3
606,490,4
606,689,5
606,432,2
606,363,1
606,527,3
606,519,5
606,331,1
606,184,5
606,329,5
606,676,5
606,641,4
606,255,5
606,389,3
606,204,4
606,136,3
606,581,1
606,563,5
606,189,1
606,141,3
606,69,3
606,586,2
606,703,3
606,309,1
606,560,1
606,83,2
606,122,1
606,611,5
606,432,3
606,611,1
606,683,3
606,9,5
606,470,3
606,569,1
606,613,4
606,136,4
606,490,5
606,9,1
606,94,4
606,537,1
606,718,1
606,639,3
606,322,4
606,640,4
606,296,4
606,690,1
606,360,1
606,213,5
606,24,1
606,224,5
606,91,5
606,205,4
606,383,2
606,640,5
606,178,1
606,425,3
606,261,4
606,262,4
606,339,2
606,284,3
606,130,4
606,537,4
606,416,4
606,19,1
606,509,4
606,408,2
606,105,3
606,134,5
606,247,5
606,483,3
606,642,1
606,614,1
606,98,1
606,237,3
606,158,5
606,82,4
606,56,3
606,153,3
606,476,5
606,206,4
606,286,5
606,47,5
606,401,1
606,141,1
606,429,1
606,516,3
606,271,4
606,393,5
606,277,3
606,151,2
606,380,1
606,144,3
606,187,1
606,510,1
606,234,3
606,643,5
606,686,1
606,113,2
606,576,2
606,182,2
606,708,5
606,441,4
606,143,2
606,418,3
606,13,1
606,432,4
606,115,3
606,44,4
606,645,2
606,565,3
606,50,1
606,203,3
606,582,5
606,593,4
606,557,2
606,292,1
606,27,4
606,428,2
606,45,3
606,407,2
606,168,3
606,674,1
606,660,4
606,184,2
606,702,3
606,519,3
606,19,2
606,596,2
606,226,1
606,155,4
606,319,2
606,540,2
606,92,1
606,331,4
606,407,1
606,718,5
606,370,2
606,256,4
606,289,3
606,568,2
606,591,1
606,584,5
606,648,3
606,501,1
606,68,4
606,181,5
606,238,2
606,59,2
606,101,1
606,325,2
606,676,4
606,696,4
606,649,5
606,70,4
606,480,3
606,547,1
606,88,5
606,498,2
606,373,3
606,570,2
606,492,3
606,171,4
606,172,2
606,651,2
606,26,5
606,445,1
606,387,3
606,238,2
606,224,1
606,427,4
606,719,5
606,295,2
606,546,4
606,499,3
606,502,3
606,340,4
606,12,5
606,136,5
606,228,4
606,681,4
606,641,3
606,268,5
606,635,1
606,130,4
606,662,4
606,103,2
606,81,3
606,263,3
606,565,3
606,461,2
606,548,1
606,405,2
606,189,4
606,104,2
606,473,3
606,100,3
606,408,3
606,359,2
606,110,5
606,339,3
606,215,3
606,123,3
606,611,1
606,457,3
606,147,3
606,314,2
606,165,2
606,54,4
606,503,3
606,655,5
606,381,3
606,587,5
606,512,5
606,626,4
606,250,4
606,147,4
606,548,5
606,601,5
606,644,2
606,725,5
606,385,1
606,472,2
606,367,1
606,601,5
606,464,5
606,151,2
606,656,4
606,556,4
606,12,2
606,529,5
606,385,5
606,469,1
606,22,2
606,517,2
606,201,5
606,178,5
606,537,3
606,509,2
606,256,1
606,138,5
606,354,2
606,647,2
606,476,2
606,616,1
606,503,2
606,142,4
606,448,3
606,294,3
606,283,3
606,671,1
606,147,1
606,25,2
606,252,4
606,408,1
606,401,1
606,388,2
606,255,3
606,461,1
606,438,3
606,536,2
606,393,4
606,99,1
606,142,5
606,444,1
606,123,5
606,336,2
606,658,5
606,702,3
606,525,3
606,465,3
606,136,1
606,659,5
606,305,4
606,257,5
606,644,5
606,82,5
606,661,4
606,184,4
606,241,3
606,430,2
606,469,1
606,59,1
606,521,4
606,132,5
606,402,2
606,7,3
606,74,3
606,680,3
606,144,2
606,560,1
606,149,4
606,556,3
606,91,4
606,684,1
606,652,5
606,183,2
606,206,2
606,103,2
606,360,3
606,302,4
606,518,3
606,385,2
606,61,5
606,287,3
606,4,5
606,152,3
606,449,2
606,552,4
606,520,4
606,605,3
606,520,1
606,664,4
606,526,2
606,440,1
606,515,2
606,141,3
606,190,1
606,55,4
606,548,4
606,643,5
606,399,4
606,593,5
606,443,5
606,24,1
606,505,4
606,171,5
606,224,2
606,461,3
606,665,4
606,540,4
606,386,2
606,421,2
606,395,5
606,47,4
606,666,3
606,55,2
606,567,2
606,676,2
606,712,3
606,224,4
606,535,2
606,659,2
606,722,1
606,490,3
606,532,2
606,475,1
606,542,3
606,8,3
606,471,3
606,22,2
606,117,4
606,184,3
606,138,3
606,75,1
606,312,1
606,221,5
606,243,4
606,370,4
606,212,5
606,688,4
606,503,4
606,140,3
606,10,2
606,565,3
606,266,2
606,231,5
606,711,1
606,539,4
606,627,1
606,459,4
606,279,5
606,725,3
607,50,2
607,258,3
607,456,2
607,85,5
607,561,5
607,620,1
607,628,1
607,314,1
607,531,5
607,22,1
607,538,5
607,357,4
607,242,5
607,618,2
607,37,1
607,452,2
607,7,5
607,209,3
607,79,2
607,104,3
607,703,2
607,118,1
607,169,3
607,213,2
607,96,5
607,82,1
607,379,1
607,165,5
607,358,2
607,439,2
607,383,5
607,282,1
607,104,1
607,450,1
607,647,1
607,378,1
607,503,2
607,176,5
607,196,1
607,232,4
607,401,1
607,203,2
607,173,1
607,525,2
607,674,4
607,549,5
607,288,2
607,287,5
607,359,4
607,658,5
607,427,3
607,98,2
607,124,5
607,415,5
607,143,4
607,71,5
607,653,1
607,36,2
607,584,3
607,665,3
607,19,1
607,133,3
607,206,3
607,18,2
607,263,3
607,230,2
607,255,2
607,214,4
607,644,2
607,7,4
607,319,4
607,267,5
607,55,2
607,241,3
607,598,4
607,1,4
607,3,4
607,6,5
607,47,5
607,50,3
607,70,5
607,101,4
607,110,5
607,151,5
607,157,5
607,163,5
607,216,3
607,223,5
607,231,4
607,235,5
607,260,3
607,296,3
607,316,5
607,333,4
607,349,4
607,356,5
607,362,4
607,367,3
607,423,4
607,441,5
607,457,4
607,480,3
607,500,4
607,260,5
607,296,3
607,316,3
607,333,5
607,349,4
607,356,4
607,362,5
607,367,4
607,423,3
607,441,4
607,544,0.5
607,31,0.5
607,527,0.5
607,647,0.5
607,688,0.5
607,720,3
607,21,2
607,32,3
607,45,2
607,47,3
607,52,3
607,58,4
607,106,5
607,125,1
607,126,5
607,162,3
607,171,5
607,176,2
607,190,5
607,215,1
607,222,5
607,232,2
607,235,3
607,247,5
607,260,5
607,265,1
607,296,5
607,319,5
607,342,4
607,345,4
607,348,3
607,351,4
607,1,4
607,21,4
607,34,4
607,36,3
607,39,4
607,50,5
607,58,4
607,110,3
607,150,3
607,153,4
607,232,5
607,247,3
607,253,4
607,261,3
607,265,1
607,266,5
607,290,5
607,296,3
607,300,2
607,316,3
607,318,4
607,2,5
607,3,3
607,4,5
607,5,4
607,6,4
607,7,3
607,8,3
607,10,4
607,11,3
607,13,4
607,15,4
607,16,4
607,17,2
607,19,2
607,21,5
607,22,4
607,24,3
607,25,4
607,26,3
607,27,4.5
607,1,4.5
608,50,3
608,58,4.5
608,150,4
608,165,5
608,260,5
608,356,3
608,380,5
608,466,5
608,480,2
608,587,3
608,588,2.5
608,589,3
608,592,5
608,593,3.5
608,595,4
608,648,4
608,2,2
608,10,4
608,11,4
608,21,3
608,32,5
608,34,3
608,39,4
608,47,5
608,50,3
608,110,3
608,141,4
608,150,2
608,153,5
608,185,4
608,186,3
608,208,4
608,231,3
608,235,3
608,236,3
608,252,5
608,253,3
608,282,3
608,292,4
608,296,3
608,317,5
608,318,3
608,339,3
608,356,5
608,357,5
608,364,3
608,41,3
608,187,4
608,223,3
608,371,3
608,627,3
608,208,5
608,231,3
608,235,3
608,236,4
608,252,3
608,253,5
608,282,3
608,292,3
608,296,5
608,317,5
608,318,3
608,339,4
608,356,2
608,6,3
608,10,5
608,36,5
608,44,3
608,95,3
608,110,4
608,150,3
608,153,4
608,165,4
608,170,5
608,208,5
608,292,3
608,318,2
608,349,3
608,356,4
608,368,3
608,376,5
608,377,3
608,380,4
608,434,4
608,457,3
608,466,4
608,474,5
608,480,4
608,493,5
608,511,4
608,529,3
608,589,4
608,39,5
608,168,5
608,222,5
608,256,4.5
608,261,3
608,277,3.5
608,357,3.5
608,543,2
608,46,4
608,213,3
608,637,5
608,162,1
608,225,2
608,293,1
608,7,1
608,541,3
608,399,4
608,132,3
608,30,2
608,51,5
608,45,1
608,129,3
608,582,3
608,546,5
608,144,1
608,610,1
608,325,2
608,354,1
608,181,3
608,108,1
608,359,1
608,652,2
608,190,2
608,480,3
608,551,5
608,68,3
608,374,3
608,677,5
608,581,5
608,174,1
608,183,4
608,485,4
608,546,5
608,23,1
608,477,1
608,554,1
608,179,3
608,708,5
608,273,2
608,157,5
608,63,1
608,687,4
608,397,2
608,631,5
608,48,1
608,579,3
608,349,3
608,650,4
608,622,2
608,472,2
608,383,2
608,337,4
608,103,5
608,547,4
608,720,4
608,261,4
608,226,1
608,443,3
608,469,1
608,220,5
608,253,2
608,17,2
608,193,5
608,573,1
608,687,5
608,688,4
608,687,3
608,353,2
608,476,4
608,14,5
608,164,2
608,634,4
608,460,2
608,689,2
608,619,1
608,537,4
608,652,4
608,705,3
608,438,2
608,23,4
608,116,5
608,35,3
608,691,1
608,151,2
608,354,5
608,311,1
608,319,1
608,300,4
608,526,1
608,58,1
608,419,5
608,311,4
608,346,1
608,9,5
608,360,2
608,356,3
608,477,1
608,663,2
608,398,2
608,294,4
608,619,5
608,286,2
608,712,1
608,231,5
608,51,3
608,76,5
608,681,1
608,531,2
608,627,5
608,291,1
608,709,5
608,443,3
608,217,4
608,702,1
608,530,2
608,649,1
608,332,3
608,558,3
608,30,3
608,334,3
608,267,2
608,630,1
608,455,1
608,445,5
608,409,5
608,624,4
608,320,5
608,101,1
608,598,5
608,27,3
608,29,2
608,427,4
608,524,3
608,667,2
608,134,3
608,685,5
608,672,5
608,491,3
608,721,1
608,275,2
608,216,4
608,395,1
608,463,3
608,267,4
608,201,2
608,648,1
608,715,2
608,110,2
608,453,3
608,428,1
608,291,3
608,573,2
608,204,5
608,449,3
608,22,4
608,287,1
608,60,4
608,24,2
608,58,1
608,471,4
608,60,4
608,166,4
608,428,1
608,297,2
608,666,3
608,274,4
608,220,1
608,161,2
608,102,5
608,264,2
608,658,1
608,576,3
608,64,1
608,397,2
608,623,3
608,175,3
608,505,3
608,83,4
608,290,1
608,413,2
608,268,1
608,566,4
608,509,4
608,536,3
608,404,1
608,125,2
608,115,5
608,620,5
608,226,4
608,200,3
608,640,2
608,477,1
608,535,1
608,602,1
608,306,1
608,9,2
608,511,1
608,2,5
608,62,3
608,94,2
608,457,2
608,364,4
608,499,1
608,263,3
608,303,5
608,590,2
608,301,4
608,238,2
608,622,1
608,350,5
608,93,2
608,494,4
608,314,1
608,55,5
608,357,3
608,579,5
608,703,4
608,507,5
608,247,2
608,188,2
608,372,1
608,544,4
608,609,5
608,17,5
608,195,3
608,361,3
608,189,5
608,228,2
608,287,4
608,242,3
608,625,1
608,442,4
608,531,4
608,698,2
608,608,5
608,373,3
608,617,1
608,534,5
608,478,4
608,707,1
608,49,2
608,541,4
608,481,4
608,193,3
608,246,2
608,461,1
608,536,1
608,660,5
608,677,5
608,681,5
608,140,2
608,61,1
608,204,2
608,609,3
608,323,1
608,121,2
608,6,2
608,375,3
608,37,3
608,353,5
608,585,2
608,576,3
608,437,2
608,52,3
608,725,2
608,311,2
608,211,2
608,682,4
608,39,3
608,538,3
608,250,2
608,12,3
608,320,3
608,61,4
608,498,4
608,714,2
608,660,5
608,246,2
608,184,2
608,145,2
608,553,3
608,721,3
608,372,3
608,324,5
608,136,3
608,458,5
608,600,4
608,37,5
608,594,4
608,279,5
608,197,3
608,363,5
608,595,5
608,409,2
608,548,5
608,431,2
608,548,2
608,703,1
608,201,5
608,158,2
608,354,5
608,305,4
608,225,4
608,156,3
608,230,1
608,476,3
608,116,4
608,276,1
608,67,3
608,587,2
608,176,2
608,591,1
608,358,1
608,453,5
608,225,5
608,92,3
608,495,3
608,425,4
608,621,1
608,527,5
608,622,1
608,647,4
608,678,5
608,546,4
608,563,4
608,288,4
608,72,4
608,276,4
608,22,2
608,562,3
608,256,4
608,206,2
608,209,4
608,165,1
608,573,2
608,418,5
608,538,4
608,205,4
608,536,1
608,592,3
608,63,3
608,604,5
608,500,4
608,381,5
608,82,5
608,322,4
608,245,2
608,642,4
608,41,3
608,45,4
608,253,4
608,41,2
608,604,2
608,404,4
608,439,3
608,486,4
608,605,4
608,409,5
608,93,5
608,523,3
608,98,3
608,291,5
608,6,1
608,594,1
608,201,1
608,565,4
608,219,4
608,269,1
608,625,4
608,648,4
608,261,3
608,375,5
608,163,3
608,15,2
608,183,2
608,70,2
608,354,1
608,533,4
608,275,5
608,292,1
608,428,2
608,8,2
608,504,4
608,225,5
608,684,5
608,584,1
608,319,3
608,220,2
608,214,1
608,709,3
608,372,5
608,352,3
608,148,4
608,378,3
608,472,2
608,96,3
608,172,2
608,146,4
608,609,1
608,688,3
608,613,3
608,431,1
608,570,5
608,90,1
608,415,2
608,192,2
608,60,5
608,642,3
608,20,3
608,506,5
608,323,5
608,606,4
608,24,3
608,629,2
608,457,1
608,384,2
608,712,3
608,171,1
608,450,3
608,319,5
608,713,3
608,47,4
608,5,4
608,55,5
608,726,4
608,592,4
608,598,5
608,640,2
608,166,3
608,514,5
608,224,1
608,131,5
608,47,5
608,592,4
608,327,4
608,74,3
608,589,2
608,145,5
608,724,3
608,566,5
608,377,4
608,504,5
608,678,1
608,428,4
608,269,2
608,28,3
608,493,4
608,182,5
608,171,4
608,458,3
608,19,1
608,370,4
608,158,4
608,297,4
608,667,2
608,434,1
608,126,1
608,338,1
608,228,4
608,670,5
608,13,5
608,410,4
608,381,1
608,167,2
608,403,1
608,282,1
608,696,4
608,227,2
608,322,3
608,625,2
608,72,2
608,37,4
608,284,2
608,328,5
608,404,1
608,660,5
608,628,3
608,538,4
608,151,3
608,98,1
608,574,4
608,289,4
608,108,4
608,322,2
608,474,1
608,486,2
608,80,3
608,201,1
608,707,2
608,383,4
608,167,5
608,719,3
608,651,3
608,167,5
608,24,5
608,309,2
608,163,3
608,273,2
608,475,3
608,724,4
608,397,1
608,649,4
608,389,5
608,594,1
608,121,5
608,274,3
608,41,2
608,684,2
608,691,1
608,649,1
608,222,2
608,694,4
608,552,5
608,359,4
608,288,3
608,406,2
608,348,4
608,176,5
608,563,5
608,473,4
608,309,3
608,455,2
608,670,1
608,67,1
608,328,4
608,233,1
608,463,1
608,250,3
608,23,1
608,556,3
608,667,4
608,308,4
608,259,3
608,58,2
608,451,5
608,393,4
608,369,5
608,24,5
608,313,1
608,493,2
608,436,4
608,723,1
608,97,5
608,383,4
608,182,5
608,136,2
608,184,3
608,516,2
608,267,5
608,92,3
608,720,4
608,544,3
608,490,4
608,689,5
608,432,2
608,363,1
608,527,3
608,519,5
608,331,1
608,184,5
608,329,5
608,676,5
608,641,4
608,255,5
608,389,3
608,204,4
608,136,3
608,581,1
608,563,5
608,189,1
608,141,3
608,69,3
608,586,2
608,703,3
608,309,1
608,560,1
608,83,2
608,122,1
608,611,5
608,432,3
608,611,1
608,683,3
608,9,5
608,470,3
608,569,1
608,613,4
608,136,4
608,490,5
608,9,1
608,94,4
608,537,1
608,718,1
608,639,3
608,322,4
608,640,4
608,296,4
608,690,1
608,360,1
608,213,5
608,24,1
608,224,5
608,91,5
608,205,4
608,383,2
608,640,5
608,178,1
608,425,3
608,261,4
608,262,4
608,339,2
608,284,3
608,130,4
608,537,4
608,416,4
608,19,1
608,509,4
608,408,2
608,105,3
608,134,5
608,247,5
608,483,3
608,642,1
608,614,1
608,98,1
608,237,3
608,158,5
608,82,4
608,56,3
608,153,3
608,476,5
608,206,4
608,286,5
608,47,5
608,401,1
608,141,1
608,429,1
608,516,3
608,271,4
608,393,5
608,277,3
608,151,2
608,380,1
609,144,3
610,187,1
611,510,1
612,234,3
613,643,5
614,686,1
615,113,2
616,576,2
617,182,2
618,708,5
619,441,4
620,143,2
621,418,3
622,13,1
623,432,4
624,115,3
625,44,4
626,645,2
627,565,3
628,50,1
629,203,3
630,582,5
631,593,4
632,557,2
633,292,1
634,27,4
635,428,2
636,45,3
637,407,2
638,168,3
639,674,1
640,660,4
641,184,2
642,702,3
643,519,3
644,19,2
645,596,2
646,226,1
647,155,4
648,319,2
649,540,2
650,92,1
651,331,4
652,407,1
653,718,5
654,370,2
655,256,4
656,289,3
657,568,2
658,591,1
659,584,5
660,648,3
661,501,1
662,68,4
663,181,5
664,238,2
665,59,2
666,101,1
667,325,2
668,676,4
669,696,4
670,649,5
671,70,4
672,480,3
673,547,1
674,88,5
675,498,2
676,373,3
677,570,2
678,492,3
679,171,4
680,172,2
681,651,2
682,26,5
683,445,1
684,387,3
685,238,2
686,224,1
687,427,4
688,719,5
689,295,2
690,546,4
691,499,3
692,502,3
693,340,4
694,12,5
695,136,5
696,228,4
697,681,4
698,641,3
699,268,5
700,635,1
701,130,4
702,662,4
703,103,2
704,81,3
705,263,3
706,565,3
707,461,2
708,548,1
709,405,2
710,189,4
711,104,2
712,473,3
713,100,3
714,408,3
715,359,2
716,110,5
717,339,3
718,215,3
719,123,3
720,611,1
721,457,3
722,147,3
723,314,2
724,165,2
725,54,4
726,503,3
727,655,5
728,381,3
729,587,5
730,512,5
731,626,4
732,250,4
733,147,4
734,548,5
735,601,5
736,644,2
737,725,5
738,385,1
739,472,2
740,367,1
741,601,5
742,464,5
743,151,2
744,656,4
745,556,4
746,12,2
747,529,5
748,385,5
749,469,1
750,22,2
751,517,2
752,201,5
753,178,5
754,537,3
755,509,2
756,256,1
757,138,5
758,354,2
759,647,2
760,476,2
761,616,1
762,503,2
763,142,4
764,448,3
765,294,3
766,283,3
767,671,1
768,147,1
769,25,2
770,252,4
771,408,1
772,401,1
773,388,2
774,255,3
775,461,1
776,438,3
777,536,2
778,393,4
779,99,1
780,142,5
781,444,1
782,123,5
783,336,2
784,658,5
785,702,3
786,525,3
787,465,3
788,136,1
789,659,5
790,305,4
791,257,5
792,644,5
793,82,5
794,661,4
795,184,4
796,241,3
797,430,2
798,469,1
799,59,1
800,521,4
801,132,5
802,402,2
803,7,3
804,74,3
805,680,3
806,144,2
807,560,1
808,149,4
809,556,3
810,91,4
811,684,1
812,652,5
813,183,2
814,206,2
815,103,2
816,360,3
817,302,4
818,518,3
819,385,2
820,61,5
821,287,3
822,4,5
823,152,3
824,449,2
825,552,4
826,520,4
827,605,3
828,520,1
829,664,4
830,526,2
831,440,1
832,515,2
833,141,3
834,190,1
835,55,4
836,548,4
837,643,5
838,399,4
839,593,5
840,443,5
841,24,1
842,505,4
843,171,5
844,224,2
845,461,3
846,665,4
847,540,4
848,386,2
849,421,2
850,395,5
851,47,4
852,666,3
853,55,2
854,567,2
855,676,2
856,712,3
857,224,4
858,535,2
859,659,2
860,722,1
861,490,3
862,532,2
863,475,1
864,542,3
865,8,3
866,471,3
867,22,2
868,117,4
869,184,3
870,138,3
871,75,1
872,312,1
873,221,5
874,243,4
875,370,4
876,212,5
877,688,4
878,503,4
879,140,3
880,10,2
881,565,3
882,266,2
883,231,5
884,711,1
885,539,4
886,627,1
887,459,4
888,279,5
889,725,3
890,50,2
891,258,3
892,456,2
893,85,5
894,561,5
895,620,1
896,628,1
897,314,1
898,531,5
899,22,1
900,538,5
901,357,4
902,242,5
903,618,2
904,37,1
905,452,2
906,7,5
907,209,3
908,79,2
909,104,3
910,703,2
911,118,1
912,169,3
913,213,2
914,96,5
915,82,1
916,379,1
917,165,5
918,358,2
919,439,2
920,383,5
921,282,1
922,104,1
923,450,1
924,647,1
925,378,1
926,503,2
927,176,5
928,196,1
929,232,4
930,401,1
931,203,2
932,173,1
933,525,2
934,674,4
935,549,5
936,288,2
937,287,5
938,359,4
939,658,5
940,427,3
941,98,2
942,124,5
943,415,5
944,143,4
945,71,5
946,653,1
947,36,2
948,584,3
949,665,3
950,19,1
951,133,3
952,206,3
953,18,2
954,263,3
955,230,2
956,255,2
957,214,4
958,644,2
959,7,4
960,319,4
961,267,5
962,55,2
963,241,3
964,598,4
965,490,4
966,532,4
967,475,5
968,542,5
969,8,3
970,471,5
971,22,4
972,117,5
973,184,5
974,138,5
975,75,5
976,312,3
977,221,5
978,243,4
979,370,5
980,212,3
981,688,3
982,503,5
983,140,4
984,10,4
985,565,5
986,266,4
987,231,3
988,711,4
989,539,5
990,627,4
991,459,3
992,279,4
993,725,5
994,50,3
995,258,3
996,456,5
996,85,4
996,561,4
996,620,5
996,628,4
996,314,3
996,531,4
996,22,0.5
996,538,0.5
996,357,0.5
996,242,0.5
996,618,0.5
997,37,3
997,452,2
997,7,3
997,209,2
997,79,3
997,104,3
997,703,4
997,118,5
997,169,1
997,213,5
997,96,3
997,82,5
997,379,2
997,165,5
997,358,1
997,439,5
997,383,2
997,282,3
997,104,5
997,450,5
997,647,1
998,378,5
998,503,5
998,176,4
998,196,4
998,232,3
998,401,4
998,203,4
999,173,4
999,525,4
999,674,3
999,549,4
999,288,5
999,287,4
999,359,3
1000,658,3
1000,427,4
1000,98,5
1000,124,3
1000,415,4
1000,143,3
1000,71,1
1000,653,5
1000,36,5
1000,584,3
1000,665,2
